1,3,:,2,4,:,1,7
1,3,:,2,4,:,1,8
1,3,:,2,4,:,1,8
1,3,:,2,4,:,1,8
1,3,:,2,4,:,1,8
1,3,:,2,4,:,1,8
1,3,:,2,4,:,1,8
1,3,:,2,4,:,1,8
1,3,:,2,4,:,1,8
1,3,:,2,4,:,1,8
1,3,:,2,4,:,1,8
1,3,:,2,4,:,1,8
1,3,:,2,4,:,1,8
1,3,:,2,4,:,1,8
1,3,:,2,4,:,1,8
1,3,:,2,4,:,1,8
1,3,:,2,4,:,1,8
1,3,:,2,4,:,1,8
1,3,:,2,4,:,1,8
1,3,:,2,4,:,1,8
1,3,:,2,4,:,1,8
1,3,:,2,4,:,1,8
1,3,:,2,4,:,1,8
1,3,:,2,4,:,1,9
1,3,:,2,4,:,1,9
1,3,:,2,4,:,1,9
1,3,:,2,4,:,1,9
1,3,:,2,4,:,1,9
1,3,:,2,4,:,1,9
1,3,:,2,4,:,1,9
1,3,:,2,4,:,1,9
1,3,:,2,4,:,1,9
1,3,:,2,4,:,1,9
1,3,:,2,4,:,1,9
1,3,:,2,4,:,1,9
1,3,:,2,4,:,1,9
1,3,:,2,4,:,1,9
1,3,:,2,4,:,1,9
1,3,:,2,4,:,1,9
1,3,:,2,4,:,1,9
1,3,:,2,4,:,1,9
1,3,:,2,4,:,1,9
1,3,:,2,4,:,1,9
1,3,:,2,4,:,1,9
1,3,:,2,4,:,1,9
1,3,:,2,4,:,1,9
1,3,:,2,4,:,1,9
1,3,:,2,4,:,1,9
1,3,:,2,4,:,1,9
1,3,:,2,4,:,1,9
1,3,:,2,4,:,1,9
1,3,:,2,4,:,1,9
1,3,:,2,4,:,1,9
1,3,:,2,4,:,1,9
1,3,:,2,4,:,1,9
1,3,:,2,4,:,1,9
1,3,:,2,4,:,1,9
1,3,:,2,4,:,1,9
1,3,:,2,4,:,1,9
1,3,:,2,4,:,1,9
1,3,:,2,4,:,1,9
1,3,:,2,4,:,1,9
1,3,:,2,4,:,1,9
1,3,:,2,4,:,1,9
1,3,:,2,4,:,1,9
1,3,:,2,4,:,1,9
1,3,:,2,4,:,1,9
1,3,:,2,4,:,1,9
1,3,:,2,4,:,1,9
1,3,:,2,4,:,1,9
1,3,:,2,4,:,1,9
1,3,:,2,4,:,1,9
1,3,:,2,4,:,1,9
1,3,:,2,4,:,1,9
1,3,:,2,4,:,1,9
1,3,:,2,4,:,1,9
1,3,:,2,4,:,1,9
1,3,:,2,4,:,1,9
1,3,:,2,4,:,1,9
1,3,:,2,4,:,1,9
1,3,:,2,4,:,1,9
1,3,:,2,4,:,1,9
1,3,:,2,4,:,1,9
1,3,:,2,4,:,1,9
1,3,:,2,4,:,1,9
1,3,:,2,4,:,1,9
1,3,:,2,4,:,1,9
1,3,:,2,4,:,1,9
1,3,:,2,4,:,1,9
1,3,:,2,4,:,1,9
1,3,:,2,4,:,1,9
1,3,:,2,4,:,1,9
1,3,:,2,4,:,1,9
1,3,:,2,4,:,1,9
1,3,:,2,4,:,1,9
1,3,:,2,4,:,1,9
1,3,:,2,4,:,1,9
1,3,:,2,4,:,1,9
1,3,:,2,4,:,1,9
1,3,:,2,4,:,1,9
1,3,:,2,4,:,1,9
1,3,:,2,4,:,1,9
1,3,:,2,4,:,1,9
1,3,:,2,4,:,1,9
1,3,:,2,4,:,1,9
1,3,:,2,4,:,1,9
1,3,:,2,4,:,1,9
1,3,:,2,4,:,1,9
1,3,:,2,4,:,1,9
1,3,:,2,4,:,1,9
1,3,:,2,4,:,1,9
1,3,:,2,4,:,1,9
1,3,:,2,4,:,1,9
1,3,:,2,4,:,2,0
1,3,:,2,4,:,2,0
1,3,:,2,4,:,2,0
1,3,:,2,4,:,2,0
1,3,:,2,4,:,2,0
1,3,:,2,4,:,2,0
1,3,:,2,4,:,2,0
1,3,:,2,4,:,2,0
1,3,:,2,4,:,2,0
1,3,:,2,4,:,2,0
1,3,:,2,4,:,2,0
1,3,:,2,4,:,2,0
1,3,:,2,4,:,2,0
1,3,:,2,4,:,2,0
1,3,:,2,4,:,2,0
1,3,:,2,4,:,2,0
1,3,:,2,4,:,2,0
1,3,:,2,4,:,2,0
1,3,:,2,4,:,2,0
1,3,:,2,4,:,2,0
1,3,:,2,4,:,2,0
1,3,:,2,4,:,2,0
1,3,:,2,4,:,2,0
1,3,:,2,4,:,2,0
1,3,:,2,4,:,2,0
1,3,:,2,4,:,2,0
1,3,:,2,4,:,2,0
1,3,:,2,4,:,2,0
1,3,:,2,4,:,2,0
1,3,:,2,4,:,2,0
1,3,:,2,4,:,2,0
1,3,:,2,4,:,2,0
1,3,:,2,4,:,2,0
1,3,:,2,4,:,2,0
1,3,:,2,4,:,2,0
1,3,:,2,4,:,2,0
1,3,:,2,4,:,2,0
1,3,:,2,4,:,2,0
1,3,:,2,4,:,2,0
1,3,:,2,4,:,2,0
1,3,:,2,4,:,2,0
1,3,:,2,4,:,2,0
1,3,:,2,4,:,2,0
1,3,:,2,4,:,2,0
1,3,:,2,4,:,2,0
1,3,:,2,4,:,2,0
1,3,:,2,4,:,2,0
1,3,:,2,4,:,2,0
1,3,:,2,4,:,2,0
1,3,:,2,4,:,2,0
1,3,:,2,4,:,2,0
1,3,:,2,4,:,2,0
1,3,:,2,4,:,2,0
1,3,:,2,4,:,2,0
1,3,:,2,4,:,2,0
1,3,:,2,4,:,2,0
1,3,:,2,4,:,2,0
1,3,:,2,4,:,2,0
1,3,:,2,4,:,2,0
1,3,:,2,4,:,2,0
1,3,:,2,4,:,2,0
1,3,:,2,4,:,2,0
1,3,:,2,4,:,2,0
1,3,:,2,4,:,2,0
1,3,:,2,4,:,2,0
1,3,:,2,4,:,2,0
1,3,:,2,4,:,2,0
1,3,:,2,4,:,2,0
1,3,:,2,4,:,2,0
1,3,:,2,4,:,2,0
1,3,:,2,4,:,2,0
1,3,:,2,4,:,2,0
1,3,:,2,4,:,2,0
1,3,:,2,4,:,2,0
1,3,:,2,4,:,2,0
1,3,:,2,4,:,2,0
1,3,:,2,4,:,2,0
1,3,:,2,4,:,2,0
1,3,:,2,4,:,2,0
1,3,:,2,4,:,2,0
1,3,:,2,4,:,2,0
1,3,:,2,4,:,2,0
1,3,:,2,4,:,2,0
1,3,:,2,4,:,2,0
1,3,:,2,4,:,2,0
1,3,:,2,4,:,2,0
1,3,:,2,4,:,2,0
1,3,:,2,4,:,2,0
1,3,:,2,4,:,2,0
1,3,:,2,4,:,2,0
1,3,:,2,4,:,2,1
1,3,:,2,4,:,2,1
1,3,:,2,4,:,2,1
1,3,:,2,4,:,2,1
1,3,:,2,4,:,2,1
1,3,:,2,4,:,2,1
1,3,:,2,4,:,2,1
1,3,:,2,4,:,2,1
1,3,:,2,4,:,2,1
1,3,:,2,4,:,2,1
1,3,:,2,4,:,2,1
1,3,:,2,4,:,2,1
1,3,:,2,4,:,2,1
1,3,:,2,4,:,2,1
1,3,:,2,4,:,2,1
1,3,:,2,4,:,2,1
1,3,:,2,4,:,2,1
1,3,:,2,4,:,2,1
1,3,:,2,4,:,2,1
1,3,:,2,4,:,2,1
1,3,:,2,4,:,2,1
1,3,:,2,4,:,2,1
1,3,:,2,4,:,2,1
1,3,:,2,4,:,2,1
1,3,:,2,4,:,2,1
1,3,:,2,4,:,2,1
1,3,:,2,4,:,2,1
1,3,:,2,4,:,2,1
1,3,:,2,4,:,2,1
1,3,:,2,4,:,2,1
1,3,:,2,4,:,2,1
1,3,:,2,4,:,2,1
1,3,:,2,4,:,2,1
1,3,:,2,4,:,2,1
1,3,:,2,4,:,2,1
1,3,:,2,4,:,2,1
1,3,:,2,4,:,2,1
1,3,:,2,4,:,2,1
1,3,:,2,4,:,2,1
1,3,:,2,4,:,2,1
1,3,:,2,4,:,2,1
1,3,:,2,4,:,2,1
1,3,:,2,4,:,2,1
1,3,:,2,4,:,2,1
1,3,:,2,4,:,2,1
1,3,:,2,4,:,2,1
1,3,:,2,4,:,2,1
1,3,:,2,4,:,2,1
1,3,:,2,4,:,2,1
1,3,:,2,4,:,2,1
1,3,:,2,4,:,2,1
1,3,:,2,4,:,2,1
1,3,:,2,4,:,2,1
1,3,:,2,4,:,2,1
1,3,:,2,4,:,2,1
1,3,:,2,4,:,2,1
1,3,:,2,4,:,2,1
1,3,:,2,4,:,2,1
1,3,:,2,4,:,2,1
1,3,:,2,4,:,2,1
1,3,:,2,4,:,2,1
1,3,:,2,4,:,2,1
1,3,:,2,4,:,2,1
1,3,:,2,4,:,2,1
1,3,:,2,4,:,2,1
1,3,:,2,4,:,2,1
1,3,:,2,4,:,2,1
1,3,:,2,4,:,2,1
1,3,:,2,4,:,2,1
1,3,:,2,4,:,2,1
1,3,:,2,4,:,2,1
1,3,:,2,4,:,2,1
1,3,:,2,4,:,2,1
1,3,:,2,4,:,2,1
1,3,:,2,4,:,2,1
1,3,:,2,4,:,2,1
1,3,:,2,4,:,2,1
1,3,:,2,4,:,2,1
1,3,:,2,4,:,2,1
1,3,:,2,4,:,2,1
1,3,:,2,4,:,2,1
1,3,:,2,4,:,2,1
1,3,:,2,4,:,2,1
1,3,:,2,4,:,2,1
1,3,:,2,4,:,2,1
1,3,:,2,4,:,2,1
1,3,:,2,4,:,2,1
1,3,:,2,4,:,2,1
1,3,:,2,4,:,2,1
1,3,:,2,4,:,2,1
1,3,:,2,4,:,2,2
1,3,:,2,4,:,2,2
1,3,:,2,4,:,2,2
1,3,:,2,4,:,2,2
1,3,:,2,4,:,2,2
1,3,:,2,4,:,2,2
1,3,:,2,4,:,2,2
1,3,:,2,4,:,2,2
1,3,:,2,4,:,2,2
1,3,:,2,4,:,2,2
1,3,:,2,4,:,2,2
1,3,:,2,4,:,2,2
1,3,:,2,4,:,2,2
1,3,:,2,4,:,2,2
1,3,:,2,4,:,2,2
1,3,:,2,4,:,2,2
1,3,:,2,4,:,2,2
1,3,:,2,4,:,2,2
1,3,:,2,4,:,2,2
1,3,:,2,4,:,2,2
1,3,:,2,4,:,2,2
1,3,:,2,4,:,2,2
1,3,:,2,4,:,2,2
1,3,:,2,4,:,2,2
1,3,:,2,4,:,2,2
1,3,:,2,4,:,2,2
1,3,:,2,4,:,2,2
1,3,:,2,4,:,2,2
1,3,:,2,4,:,2,2
1,3,:,2,4,:,2,2
1,3,:,2,4,:,2,2
1,3,:,2,4,:,2,2
1,3,:,2,4,:,2,2
1,3,:,2,4,:,2,2
1,3,:,2,4,:,2,2
1,3,:,2,4,:,2,2
1,3,:,2,4,:,2,2
1,3,:,2,4,:,2,2
1,3,:,2,4,:,2,2
1,3,:,2,4,:,2,2
1,3,:,2,4,:,2,2
1,3,:,2,4,:,2,2
1,3,:,2,4,:,2,2
1,3,:,2,4,:,2,2
1,3,:,2,4,:,2,2
1,3,:,2,4,:,2,2
1,3,:,2,4,:,2,2
1,3,:,2,4,:,2,2
1,3,:,2,4,:,2,2
1,3,:,2,4,:,2,2
1,3,:,2,4,:,2,2
1,3,:,2,4,:,2,2
1,3,:,2,4,:,2,2
1,3,:,2,4,:,2,2
1,3,:,2,4,:,2,2
1,3,:,2,4,:,2,2
1,3,:,2,4,:,2,2
1,3,:,2,4,:,2,2
1,3,:,2,4,:,2,2
1,3,:,2,4,:,2,2
1,3,:,2,4,:,2,2
1,3,:,2,4,:,2,2
1,3,:,2,4,:,2,2
1,3,:,2,4,:,2,2
1,3,:,2,4,:,2,2
1,3,:,2,4,:,2,2
1,3,:,2,4,:,2,2
1,3,:,2,4,:,2,2
1,3,:,2,4,:,2,2
1,3,:,2,4,:,2,2
1,3,:,2,4,:,2,2
1,3,:,2,4,:,2,2
1,3,:,2,4,:,2,2
1,3,:,2,4,:,2,2
1,3,:,2,4,:,2,2
1,3,:,2,4,:,2,2
1,3,:,2,4,:,2,2
1,3,:,2,4,:,2,2
1,3,:,2,4,:,2,2
1,3,:,2,4,:,2,2
1,3,:,2,4,:,2,2
1,3,:,2,4,:,2,2
1,3,:,2,4,:,2,2
1,3,:,2,4,:,2,2
1,3,:,2,4,:,2,2
1,3,:,2,4,:,2,2
1,3,:,2,4,:,2,2
1,3,:,2,4,:,2,2
1,3,:,2,4,:,2,2
1,3,:,2,4,:,2,2
1,3,:,2,4,:,2,3
1,3,:,2,4,:,2,3
1,3,:,2,4,:,2,3
1,3,:,2,4,:,2,3
1,3,:,2,4,:,2,3
1,3,:,2,4,:,2,3
1,3,:,2,4,:,2,3
1,3,:,2,4,:,2,3
1,3,:,2,4,:,2,3
1,3,:,2,4,:,2,3
1,3,:,2,4,:,2,3
1,3,:,2,4,:,2,3
1,3,:,2,4,:,2,3
1,3,:,2,4,:,2,3
1,3,:,2,4,:,2,3
1,3,:,2,4,:,2,3
1,3,:,2,4,:,2,3
1,3,:,2,4,:,2,3
1,3,:,2,4,:,2,3
1,3,:,2,4,:,2,3
1,3,:,2,4,:,2,3
1,3,:,2,4,:,2,3
1,3,:,2,4,:,2,3
1,3,:,2,4,:,2,3
1,3,:,2,4,:,2,3
1,3,:,2,4,:,2,3
1,3,:,2,4,:,2,3
1,3,:,2,4,:,2,3
1,3,:,2,4,:,2,3
1,3,:,2,4,:,2,3
1,3,:,2,4,:,2,3
1,3,:,2,4,:,2,3
1,3,:,2,4,:,2,3
1,3,:,2,4,:,2,3
1,3,:,2,4,:,2,3
1,3,:,2,4,:,2,3
1,3,:,2,4,:,2,3
1,3,:,2,4,:,2,3
1,3,:,2,4,:,2,3
1,3,:,2,4,:,2,3
1,3,:,2,4,:,2,3
1,3,:,2,4,:,2,3
1,3,:,2,4,:,2,3
1,3,:,2,4,:,2,3
1,3,:,2,4,:,2,3
1,3,:,2,4,:,2,3
1,3,:,2,4,:,2,3
1,3,:,2,4,:,2,3
1,3,:,2,4,:,2,3
1,3,:,2,4,:,2,3
1,3,:,2,4,:,2,3
1,3,:,2,4,:,2,3
1,3,:,2,4,:,2,3
1,3,:,2,4,:,2,3
1,3,:,2,4,:,2,3
1,3,:,2,4,:,2,3
1,3,:,2,4,:,2,3
1,3,:,2,4,:,2,3
1,3,:,2,4,:,2,3
1,3,:,2,4,:,2,3
1,3,:,2,4,:,2,3
1,3,:,2,4,:,2,3
1,3,:,2,4,:,2,3
1,3,:,2,4,:,2,3
1,3,:,2,4,:,2,3
1,3,:,2,4,:,2,3
1,3,:,2,4,:,2,3
1,3,:,2,4,:,2,3
1,3,:,2,4,:,2,3
1,3,:,2,4,:,2,3
1,3,:,2,4,:,2,3
1,3,:,2,4,:,2,3
1,3,:,2,4,:,2,3
1,3,:,2,4,:,2,3
1,3,:,2,4,:,2,3
1,3,:,2,4,:,2,3
1,3,:,2,4,:,2,3
1,3,:,2,4,:,2,3
1,3,:,2,4,:,2,3
1,3,:,2,4,:,2,3
1,3,:,2,4,:,2,3
1,3,:,2,4,:,2,3
1,3,:,2,4,:,2,3
1,3,:,2,4,:,2,3
1,3,:,2,4,:,2,3
1,3,:,2,4,:,2,3
1,3,:,2,4,:,2,3
1,3,:,2,4,:,2,3
1,3,:,2,4,:,2,3
1,3,:,2,4,:,2,3
1,3,:,2,4,:,2,4
1,3,:,2,4,:,2,4
1,3,:,2,4,:,2,4
1,3,:,2,4,:,2,4
1,3,:,2,4,:,2,4
1,3,:,2,4,:,2,4
1,3,:,2,4,:,2,4
1,3,:,2,4,:,2,4
1,3,:,2,4,:,2,4
1,3,:,2,4,:,2,4
1,3,:,2,4,:,2,4
1,3,:,2,4,:,2,4
1,3,:,2,4,:,2,4
1,3,:,2,4,:,2,4
1,3,:,2,4,:,2,4
1,3,:,2,4,:,2,4
1,3,:,2,4,:,2,4
1,3,:,2,4,:,2,4
1,3,:,2,4,:,2,4
1,3,:,2,4,:,2,4
1,3,:,2,4,:,2,4
1,3,:,2,4,:,2,4
1,3,:,2,4,:,2,4
1,3,:,2,4,:,2,4
1,3,:,2,4,:,2,4
1,3,:,2,4,:,2,4
1,3,:,2,4,:,2,4
1,3,:,2,4,:,2,4
1,3,:,2,4,:,2,4
1,3,:,2,4,:,2,4
1,3,:,2,4,:,2,4
1,3,:,2,4,:,2,4
1,3,:,2,4,:,2,4
1,3,:,2,4,:,2,4
1,3,:,2,4,:,2,4
1,3,:,2,4,:,2,4
1,3,:,2,4,:,2,4
1,3,:,2,4,:,2,4
1,3,:,2,4,:,2,4
1,3,:,2,4,:,2,4
1,3,:,2,4,:,2,4
1,3,:,2,4,:,2,4
1,3,:,2,4,:,2,4
1,3,:,2,4,:,2,4
1,3,:,2,4,:,2,4
1,3,:,2,4,:,2,4
1,3,:,2,4,:,2,4
1,3,:,2,4,:,2,4
1,3,:,2,4,:,2,4
1,3,:,2,4,:,2,4
1,3,:,2,4,:,2,4
1,3,:,2,4,:,2,4
1,3,:,2,4,:,2,4
1,3,:,2,4,:,2,4
1,3,:,2,4,:,2,4
1,3,:,2,4,:,2,4
1,3,:,2,4,:,2,4
1,3,:,2,4,:,2,4
1,3,:,2,4,:,2,4
1,3,:,2,4,:,2,4
1,3,:,2,4,:,2,4
1,3,:,2,4,:,2,4
1,3,:,2,4,:,2,4
1,3,:,2,4,:,2,4
1,3,:,2,4,:,2,4
1,3,:,2,4,:,2,4
1,3,:,2,4,:,2,4
1,3,:,2,4,:,2,4
1,3,:,2,4,:,2,4
1,3,:,2,4,:,2,4
1,3,:,2,4,:,2,4
1,3,:,2,4,:,2,4
1,3,:,2,4,:,2,4
1,3,:,2,4,:,2,4
1,3,:,2,4,:,2,4
1,3,:,2,4,:,2,4
1,3,:,2,4,:,2,4
1,3,:,2,4,:,2,4
1,3,:,2,4,:,2,4
1,3,:,2,4,:,2,4
1,3,:,2,4,:,2,4
1,3,:,2,4,:,2,4
1,3,:,2,4,:,2,4
1,3,:,2,4,:,2,4
1,3,:,2,4,:,2,4
1,3,:,2,4,:,2,4
1,3,:,2,4,:,2,4
1,3,:,2,4,:,2,4
1,3,:,2,4,:,2,4
1,3,:,2,4,:,2,4
1,3,:,2,4,:,2,4
1,3,:,2,4,:,2,5
1,3,:,2,4,:,2,5
1,3,:,2,4,:,2,5
1,3,:,2,4,:,2,5
1,3,:,2,4,:,2,5
1,3,:,2,4,:,2,5
1,3,:,2,4,:,2,5
1,3,:,2,4,:,2,5
1,3,:,2,4,:,2,5
1,3,:,2,4,:,2,5
1,3,:,2,4,:,2,5
1,3,:,2,4,:,2,5
1,3,:,2,4,:,2,5
1,3,:,2,4,:,2,5
1,3,:,2,4,:,2,5
1,3,:,2,4,:,2,5
1,3,:,2,4,:,2,5
1,3,:,2,4,:,2,5
1,3,:,2,4,:,2,5
1,3,:,2,4,:,2,5
1,3,:,2,4,:,2,5
1,3,:,2,4,:,2,5
1,3,:,2,4,:,2,5
1,3,:,2,4,:,2,5
1,3,:,2,4,:,2,5
1,3,:,2,4,:,2,5
1,3,:,2,4,:,2,5
1,3,:,2,4,:,2,5
1,3,:,2,4,:,2,5
1,3,:,2,4,:,2,5
1,3,:,2,4,:,2,5
1,3,:,2,4,:,2,5
1,3,:,2,4,:,2,5
1,3,:,2,4,:,2,5
1,3,:,2,4,:,2,5
1,3,:,2,4,:,2,5
1,3,:,2,4,:,2,5
1,3,:,2,4,:,2,5
1,3,:,2,4,:,2,5
1,3,:,2,4,:,2,5
1,3,:,2,4,:,2,5
1,3,:,2,4,:,2,5
1,3,:,2,4,:,2,5
1,3,:,2,4,:,2,5
1,3,:,2,4,:,2,5
1,3,:,2,4,:,2,5
1,3,:,2,4,:,2,5
1,3,:,2,4,:,2,5
1,3,:,2,4,:,2,5
1,3,:,2,4,:,2,5
1,3,:,2,4,:,2,5
1,3,:,2,4,:,2,5
1,3,:,2,4,:,2,5
1,3,:,2,4,:,2,5
1,3,:,2,4,:,2,5
1,3,:,2,4,:,2,5
1,3,:,2,4,:,2,5
1,3,:,2,4,:,2,5
1,3,:,2,4,:,2,5
1,3,:,2,4,:,2,5
1,3,:,2,4,:,2,5
1,3,:,2,4,:,2,5
1,3,:,2,4,:,2,5
1,3,:,2,4,:,2,5
1,3,:,2,4,:,2,5
1,3,:,2,4,:,2,5
1,3,:,2,4,:,2,5
1,3,:,2,4,:,2,5
1,3,:,2,4,:,2,5
1,3,:,2,4,:,2,5
1,3,:,2,4,:,2,5
1,3,:,2,4,:,2,5
1,3,:,2,4,:,2,5
1,3,:,2,4,:,2,5
1,3,:,2,4,:,2,5
1,3,:,2,4,:,2,5
1,3,:,2,4,:,2,5
1,3,:,2,4,:,2,5
1,3,:,2,4,:,2,5
1,3,:,2,4,:,2,5
1,3,:,2,4,:,2,5
1,3,:,2,4,:,2,5
1,3,:,2,4,:,2,5
1,3,:,2,4,:,2,5
1,3,:,2,4,:,2,5
1,3,:,2,4,:,2,5
1,3,:,2,4,:,2,5
1,3,:,2,4,:,2,5
1,3,:,2,4,:,2,5
1,3,:,2,4,:,2,6
1,3,:,2,4,:,2,6
1,3,:,2,4,:,2,6
1,3,:,2,4,:,2,6
1,3,:,2,4,:,2,6
1,3,:,2,4,:,2,6
1,3,:,2,4,:,2,6
1,3,:,2,4,:,2,6
1,3,:,2,4,:,2,6
1,3,:,2,4,:,2,6
1,3,:,2,4,:,2,6
1,3,:,2,4,:,2,6
1,3,:,2,4,:,2,6
1,3,:,2,4,:,2,6
1,3,:,2,4,:,2,6
1,3,:,2,4,:,2,6
1,3,:,2,4,:,2,6
1,3,:,2,4,:,2,6
1,3,:,2,4,:,2,6
1,3,:,2,4,:,2,6
1,3,:,2,4,:,2,6
1,3,:,2,4,:,2,6
1,3,:,2,4,:,2,6
1,3,:,2,4,:,2,6
1,3,:,2,4,:,2,6
1,3,:,2,4,:,2,6
1,3,:,2,4,:,2,6
1,3,:,2,4,:,2,6
1,3,:,2,4,:,2,6
1,3,:,2,4,:,2,6
1,3,:,2,4,:,2,6
1,3,:,2,4,:,2,6
1,3,:,2,4,:,2,6
1,3,:,2,4,:,2,6
1,3,:,2,4,:,2,6
1,3,:,2,4,:,2,6
1,3,:,2,4,:,2,6
1,3,:,2,4,:,2,6
1,3,:,2,4,:,2,6
1,3,:,2,4,:,2,6
1,3,:,2,4,:,2,6
1,3,:,2,4,:,2,6
1,3,:,2,4,:,2,6
1,3,:,2,4,:,2,6
1,3,:,2,4,:,2,6
1,3,:,2,4,:,2,6
1,3,:,2,4,:,2,6
1,3,:,2,4,:,2,6
1,3,:,2,4,:,2,6
1,3,:,2,4,:,2,6
1,3,:,2,4,:,2,6
1,3,:,2,4,:,2,6
1,3,:,2,4,:,2,6
1,3,:,2,4,:,2,6
1,3,:,2,4,:,2,6
1,3,:,2,4,:,2,6
1,3,:,2,4,:,2,6
1,3,:,2,4,:,2,6
1,3,:,2,4,:,2,6
1,3,:,2,4,:,2,6
1,3,:,2,4,:,2,6
1,3,:,2,4,:,2,6
1,3,:,2,4,:,2,6
1,3,:,2,4,:,2,6
1,3,:,2,4,:,2,6
1,3,:,2,4,:,2,6
1,3,:,2,4,:,2,6
1,3,:,2,4,:,2,6
1,3,:,2,4,:,2,6
1,3,:,2,4,:,2,6
1,3,:,2,4,:,2,6
1,3,:,2,4,:,2,6
1,3,:,2,4,:,2,6
1,3,:,2,4,:,2,6
1,3,:,2,4,:,2,6
1,3,:,2,4,:,2,6
1,3,:,2,4,:,2,6
1,3,:,2,4,:,2,6
1,3,:,2,4,:,2,6
1,3,:,2,4,:,2,6
1,3,:,2,4,:,2,6
1,3,:,2,4,:,2,6
1,3,:,2,4,:,2,6
1,3,:,2,4,:,2,6
1,3,:,2,4,:,2,6
1,3,:,2,4,:,2,6
1,3,:,2,4,:,2,6
1,3,:,2,4,:,2,6
1,3,:,2,4,:,2,6
1,3,:,2,4,:,2,6
1,3,:,2,4,:,2,7
1,3,:,2,4,:,2,7
1,3,:,2,4,:,2,7
1,3,:,2,4,:,2,7
1,3,:,2,4,:,2,7
1,3,:,2,4,:,2,7
1,3,:,2,4,:,2,7
1,3,:,2,4,:,2,7
1,3,:,2,4,:,2,7
1,3,:,2,4,:,2,7
1,3,:,2,4,:,2,7
1,3,:,2,4,:,2,7
1,3,:,2,4,:,2,7
1,3,:,2,4,:,2,7
1,3,:,2,4,:,2,7
1,3,:,2,4,:,2,7
1,3,:,2,4,:,2,7
1,3,:,2,4,:,2,7
1,3,:,2,4,:,2,7
1,3,:,2,4,:,2,7
1,3,:,2,4,:,2,7
1,3,:,2,4,:,2,7
1,3,:,2,4,:,2,7
1,3,:,2,4,:,2,7
1,3,:,2,4,:,2,7
1,3,:,2,4,:,2,7
1,3,:,2,4,:,2,7
1,3,:,2,4,:,2,7
1,3,:,2,4,:,2,7
1,3,:,2,4,:,2,7
1,3,:,2,4,:,2,7
1,3,:,2,4,:,2,7
1,3,:,2,4,:,2,7
1,3,:,2,4,:,2,7
1,3,:,2,4,:,2,7
1,3,:,2,4,:,2,7
1,3,:,2,4,:,2,7
1,3,:,2,4,:,2,7
1,3,:,2,4,:,2,7
1,3,:,2,4,:,2,7
1,3,:,2,4,:,2,7
1,3,:,2,4,:,2,7
1,3,:,2,4,:,2,7
1,3,:,2,4,:,2,7
1,3,:,2,4,:,2,7
1,3,:,2,4,:,2,7
1,3,:,2,4,:,2,7
1,3,:,2,4,:,2,7
1,3,:,2,4,:,2,7
1,3,:,2,4,:,2,7
1,3,:,2,4,:,2,7
1,3,:,2,4,:,2,7
1,3,:,2,4,:,2,7
1,3,:,2,4,:,2,7
1,3,:,2,4,:,2,7
1,3,:,2,4,:,2,7
1,3,:,2,4,:,2,7
1,3,:,2,4,:,2,7
1,3,:,2,4,:,2,7
1,3,:,2,4,:,2,7
1,3,:,2,4,:,2,7
1,3,:,2,4,:,2,7
1,3,:,2,4,:,2,7
1,3,:,2,4,:,2,7
1,3,:,2,4,:,2,7
1,3,:,2,4,:,2,7
1,3,:,2,4,:,2,7
1,3,:,2,4,:,2,7
1,3,:,2,4,:,2,7
1,3,:,2,4,:,2,7
1,3,:,2,4,:,2,7
1,3,:,2,4,:,2,7
1,3,:,2,4,:,2,7
1,3,:,2,4,:,2,7
1,3,:,2,4,:,2,7
1,3,:,2,4,:,2,7
1,3,:,2,4,:,2,7
1,3,:,2,4,:,2,7
1,3,:,2,4,:,2,7
1,3,:,2,4,:,2,7
1,3,:,2,4,:,2,7
1,3,:,2,4,:,2,7
1,3,:,2,4,:,2,7
1,3,:,2,4,:,2,7
1,3,:,2,4,:,2,7
1,3,:,2,4,:,2,7
1,3,:,2,4,:,2,7
1,3,:,2,4,:,2,7
1,3,:,2,4,:,2,7
1,3,:,2,4,:,2,7
1,3,:,2,4,:,2,8
1,3,:,2,4,:,2,8
1,3,:,2,4,:,2,8
1,3,:,2,4,:,2,8
1,3,:,2,4,:,2,8
1,3,:,2,4,:,2,8
1,3,:,2,4,:,2,8
1,3,:,2,4,:,2,8
1,3,:,2,4,:,2,8
1,3,:,2,4,:,2,8
1,3,:,2,4,:,2,8
1,3,:,2,4,:,2,8
1,3,:,2,4,:,2,8
1,3,:,2,4,:,2,8
1,3,:,2,4,:,2,8
1,3,:,2,4,:,2,8
1,3,:,2,4,:,2,8
1,3,:,2,4,:,2,8
1,3,:,2,4,:,2,8
1,3,:,2,4,:,2,8
1,3,:,2,4,:,2,8
1,3,:,2,4,:,2,8
1,3,:,2,4,:,2,8
1,3,:,2,4,:,2,8
1,3,:,2,4,:,2,8
1,3,:,2,4,:,2,8
1,3,:,2,4,:,2,8
1,3,:,2,4,:,2,8
1,3,:,2,4,:,2,8
1,3,:,2,4,:,2,8
1,3,:,2,4,:,2,8
1,3,:,2,4,:,2,8
1,3,:,2,4,:,2,8
1,3,:,2,4,:,2,8
1,3,:,2,4,:,2,8
1,3,:,2,4,:,2,8
1,3,:,2,4,:,2,8
1,3,:,2,4,:,2,8
1,3,:,2,4,:,2,8
1,3,:,2,4,:,2,8
1,3,:,2,4,:,2,8
1,3,:,2,4,:,2,8
1,3,:,2,4,:,2,8
1,3,:,2,4,:,2,8
1,3,:,2,4,:,2,8
1,3,:,2,4,:,2,8
1,3,:,2,4,:,2,8
1,3,:,2,4,:,2,8
1,3,:,2,4,:,2,8
1,3,:,2,4,:,2,8
1,3,:,2,4,:,2,8
1,3,:,2,4,:,2,8
1,3,:,2,4,:,2,8
1,3,:,2,4,:,2,8
1,3,:,2,4,:,2,8
1,3,:,2,4,:,2,8
1,3,:,2,4,:,2,8
1,3,:,2,4,:,2,8
1,3,:,2,4,:,2,8
1,3,:,2,4,:,2,8
1,3,:,2,4,:,2,8
1,3,:,2,4,:,2,8
1,3,:,2,4,:,2,8
1,3,:,2,4,:,2,8
1,3,:,2,4,:,2,8
1,3,:,2,4,:,2,8
1,3,:,2,4,:,2,8
1,3,:,2,4,:,2,8
1,3,:,2,4,:,2,8
1,3,:,2,4,:,2,8
1,3,:,2,4,:,2,8
1,3,:,2,4,:,2,8
1,3,:,2,4,:,2,8
1,3,:,2,4,:,2,8
1,3,:,2,4,:,2,8
1,3,:,2,4,:,2,8
1,3,:,2,4,:,2,8
1,3,:,2,4,:,2,8
1,3,:,2,4,:,2,8
1,3,:,2,4,:,2,8
1,3,:,2,4,:,2,8
1,3,:,2,4,:,2,8
1,3,:,2,4,:,2,8
1,3,:,2,4,:,2,8
1,3,:,2,4,:,2,8
1,3,:,2,4,:,2,8
1,3,:,2,4,:,2,8
1,3,:,2,4,:,2,8
1,3,:,2,4,:,2,8
1,3,:,2,4,:,2,8
1,3,:,2,4,:,2,9
1,3,:,2,4,:,2,9
1,3,:,2,4,:,2,9
1,3,:,2,4,:,2,9
1,3,:,2,4,:,2,9
1,3,:,2,4,:,2,9
1,3,:,2,4,:,2,9
1,3,:,2,4,:,2,9
1,3,:,2,4,:,2,9
1,3,:,2,4,:,2,9
1,3,:,2,4,:,2,9
1,3,:,2,4,:,2,9
1,3,:,2,4,:,2,9
1,3,:,2,4,:,2,9
1,3,:,2,4,:,2,9
1,3,:,2,4,:,2,9
1,3,:,2,4,:,2,9
1,3,:,2,4,:,2,9
1,3,:,2,4,:,2,9
1,3,:,2,4,:,2,9
1,3,:,2,4,:,2,9
1,3,:,2,4,:,2,9
1,3,:,2,4,:,2,9
1,3,:,2,4,:,2,9
1,3,:,2,4,:,2,9
1,3,:,2,4,:,2,9
1,3,:,2,4,:,2,9
1,3,:,2,4,:,2,9
1,3,:,2,4,:,2,9
1,3,:,2,4,:,2,9
1,3,:,2,4,:,2,9
1,3,:,2,4,:,2,9
1,3,:,2,4,:,2,9
1,3,:,2,4,:,2,9
1,3,:,2,4,:,2,9
1,3,:,2,4,:,2,9
1,3,:,2,4,:,2,9
1,3,:,2,4,:,2,9
1,3,:,2,4,:,2,9
1,3,:,2,4,:,2,9
1,3,:,2,4,:,2,9
1,3,:,2,4,:,2,9
1,3,:,2,4,:,2,9
1,3,:,2,4,:,2,9
1,3,:,2,4,:,2,9
1,3,:,2,4,:,2,9
1,3,:,2,4,:,2,9
1,3,:,2,4,:,2,9
1,3,:,2,4,:,2,9
1,3,:,2,4,:,2,9
1,3,:,2,4,:,2,9
1,3,:,2,4,:,2,9
1,3,:,2,4,:,2,9
1,3,:,2,4,:,2,9
1,3,:,2,4,:,2,9
1,3,:,2,4,:,2,9
1,3,:,2,4,:,2,9
1,3,:,2,4,:,2,9
1,3,:,2,4,:,2,9
1,3,:,2,4,:,2,9
1,3,:,2,4,:,2,9
1,3,:,2,4,:,2,9
1,3,:,2,4,:,2,9
1,3,:,2,4,:,2,9
1,3,:,2,4,:,2,9
1,3,:,2,4,:,2,9
1,3,:,2,4,:,2,9
1,3,:,2,4,:,2,9
1,3,:,2,4,:,2,9
1,3,:,2,4,:,2,9
1,3,:,2,4,:,2,9
1,3,:,2,4,:,2,9
1,3,:,2,4,:,2,9
1,3,:,2,4,:,2,9
1,3,:,2,4,:,2,9
1,3,:,2,4,:,2,9
1,3,:,2,4,:,2,9
1,3,:,2,4,:,2,9
1,3,:,2,4,:,2,9
1,3,:,2,4,:,2,9
1,3,:,2,4,:,2,9
1,3,:,2,4,:,2,9
1,3,:,2,4,:,2,9
1,3,:,2,4,:,2,9
1,3,:,2,4,:,2,9
1,3,:,2,4,:,2,9
1,3,:,2,4,:,2,9
1,3,:,2,4,:,2,9
1,3,:,2,4,:,2,9
1,3,:,2,4,:,2,9
1,3,:,2,4,:,3,0
1,3,:,2,4,:,3,0
1,3,:,2,4,:,3,0
1,3,:,2,4,:,3,0
1,3,:,2,4,:,3,0
1,3,:,2,4,:,3,0
1,3,:,2,4,:,3,0
1,3,:,2,4,:,3,0
1,3,:,2,4,:,3,0
1,3,:,2,4,:,3,0
1,3,:,2,4,:,3,0
1,3,:,2,4,:,3,0
1,3,:,2,4,:,3,0
1,3,:,2,4,:,3,0
1,3,:,2,4,:,3,0
1,3,:,2,4,:,3,0
1,3,:,2,4,:,3,0
1,3,:,2,4,:,3,0
1,3,:,2,4,:,3,0
1,3,:,2,4,:,3,0
1,3,:,2,4,:,3,0
1,3,:,2,4,:,3,0
1,3,:,2,4,:,3,0
1,3,:,2,4,:,3,0
1,3,:,2,4,:,3,0
1,3,:,2,4,:,3,0
1,3,:,2,4,:,3,0
1,3,:,2,4,:,3,0
1,3,:,2,4,:,3,0
1,3,:,2,4,:,3,0
1,3,:,2,4,:,3,0
1,3,:,2,4,:,3,0
1,3,:,2,4,:,3,0
1,3,:,2,4,:,3,0
1,3,:,2,4,:,3,0
1,3,:,2,4,:,3,0
1,3,:,2,4,:,3,0
1,3,:,2,4,:,3,0
1,3,:,2,4,:,3,0
1,3,:,2,4,:,3,0
1,3,:,2,4,:,3,0
1,3,:,2,4,:,3,0
1,3,:,2,4,:,3,0
1,3,:,2,4,:,3,0
1,3,:,2,4,:,3,0
1,3,:,2,4,:,3,0
1,3,:,2,4,:,3,0
1,3,:,2,4,:,3,0
1,3,:,2,4,:,3,0
1,3,:,2,4,:,3,0
1,3,:,2,4,:,3,0
1,3,:,2,4,:,3,0
1,3,:,2,4,:,3,0
1,3,:,2,4,:,3,0
1,3,:,2,4,:,3,0
1,3,:,2,4,:,3,0
1,3,:,2,4,:,3,0
1,3,:,2,4,:,3,0
1,3,:,2,4,:,3,0
1,3,:,2,4,:,3,0
1,3,:,2,4,:,3,0
1,3,:,2,4,:,3,0
1,3,:,2,4,:,3,0
1,3,:,2,4,:,3,0
1,3,:,2,4,:,3,0
1,3,:,2,4,:,3,0
1,3,:,2,4,:,3,0
1,3,:,2,4,:,3,0
1,3,:,2,4,:,3,0
1,3,:,2,4,:,3,0
1,3,:,2,4,:,3,0
1,3,:,2,4,:,3,0
1,3,:,2,4,:,3,0
1,3,:,2,4,:,3,0
1,3,:,2,4,:,3,0
1,3,:,2,4,:,3,0
1,3,:,2,4,:,3,0
1,3,:,2,4,:,3,0
1,3,:,2,4,:,3,0
1,3,:,2,4,:,3,0
1,3,:,2,4,:,3,0
1,3,:,2,4,:,3,0
1,3,:,2,4,:,3,0
1,3,:,2,4,:,3,0
1,3,:,2,4,:,3,0
1,3,:,2,4,:,3,0
1,3,:,2,4,:,3,0
1,3,:,2,4,:,3,0
1,3,:,2,4,:,3,0
1,3,:,2,4,:,3,0
1,3,:,2,4,:,3,1
1,3,:,2,4,:,3,1
1,3,:,2,4,:,3,1
1,3,:,2,4,:,3,1
1,3,:,2,4,:,3,1
1,3,:,2,4,:,3,1
1,3,:,2,4,:,3,1
1,3,:,2,4,:,3,1
1,3,:,2,4,:,3,1
1,3,:,2,4,:,3,1
1,3,:,2,4,:,3,1
1,3,:,2,4,:,3,1
1,3,:,2,4,:,3,1
1,3,:,2,4,:,3,1
1,3,:,2,4,:,3,1
1,3,:,2,4,:,3,1
1,3,:,2,4,:,3,1
1,3,:,2,4,:,3,1
1,3,:,2,4,:,3,1
1,3,:,2,4,:,3,1
1,3,:,2,4,:,3,1
1,3,:,2,4,:,3,1
1,3,:,2,4,:,3,1
1,3,:,2,4,:,3,1
1,3,:,2,4,:,3,1
1,3,:,2,4,:,3,1
1,3,:,2,4,:,3,1
1,3,:,2,4,:,3,1
1,3,:,2,4,:,3,1
1,3,:,2,4,:,3,1
1,3,:,2,4,:,3,1
1,3,:,2,4,:,3,1
1,3,:,2,4,:,3,1
1,3,:,2,4,:,3,1
1,3,:,2,4,:,3,1
1,3,:,2,4,:,3,1
1,3,:,2,4,:,3,1
1,3,:,2,4,:,3,1
1,3,:,2,4,:,3,1
1,3,:,2,4,:,3,1
1,3,:,2,4,:,3,1
1,3,:,2,4,:,3,1
1,3,:,2,4,:,3,1
1,3,:,2,4,:,3,1
1,3,:,2,4,:,3,1
1,3,:,2,4,:,3,1
1,3,:,2,4,:,3,1
1,3,:,2,4,:,3,1
1,3,:,2,4,:,3,1
1,3,:,2,4,:,3,1
1,3,:,2,4,:,3,1
1,3,:,2,4,:,3,1
1,3,:,2,4,:,3,1
1,3,:,2,4,:,3,1
1,3,:,2,4,:,3,1
1,3,:,2,4,:,3,1
1,3,:,2,4,:,3,1
1,3,:,2,4,:,3,1
1,3,:,2,4,:,3,1
1,3,:,2,4,:,3,1
1,3,:,2,4,:,3,1
1,3,:,2,4,:,3,1
1,3,:,2,4,:,3,1
1,3,:,2,4,:,3,1
1,3,:,2,4,:,3,1
1,3,:,2,4,:,3,1
1,3,:,2,4,:,3,1
1,3,:,2,4,:,3,1
1,3,:,2,4,:,3,1
1,3,:,2,4,:,3,1
1,3,:,2,4,:,3,1
1,3,:,2,4,:,3,1
1,3,:,2,4,:,3,1
1,3,:,2,4,:,3,1
1,3,:,2,4,:,3,1
1,3,:,2,4,:,3,1
1,3,:,2,4,:,3,1
1,3,:,2,4,:,3,1
1,3,:,2,4,:,3,1
1,3,:,2,4,:,3,1
1,3,:,2,4,:,3,1
1,3,:,2,4,:,3,1
1,3,:,2,4,:,3,1
1,3,:,2,4,:,3,1
1,3,:,2,4,:,3,1
1,3,:,2,4,:,3,1
1,3,:,2,4,:,3,1
1,3,:,2,4,:,3,1
1,3,:,2,4,:,3,1
1,3,:,2,4,:,3,1
1,3,:,2,4,:,3,1
1,3,:,2,4,:,3,2
1,3,:,2,4,:,3,2
1,3,:,2,4,:,3,2
1,3,:,2,4,:,3,2
1,3,:,2,4,:,3,2
1,3,:,2,4,:,3,2
1,3,:,2,4,:,3,2
1,3,:,2,4,:,3,2
1,3,:,2,4,:,3,2
1,3,:,2,4,:,3,2
1,3,:,2,4,:,3,2
1,3,:,2,4,:,3,2
1,3,:,2,4,:,3,2
1,3,:,2,4,:,3,2
1,3,:,2,4,:,3,2
1,3,:,2,4,:,3,2
1,3,:,2,4,:,3,2
1,3,:,2,4,:,3,2
1,3,:,2,4,:,3,2
1,3,:,2,4,:,3,2
1,3,:,2,4,:,3,2
1,3,:,2,4,:,3,2
1,3,:,2,4,:,3,2
1,3,:,2,4,:,3,2
1,3,:,2,4,:,3,2
1,3,:,2,4,:,3,2
1,3,:,2,4,:,3,2
1,3,:,2,4,:,3,2
1,3,:,2,4,:,3,2
1,3,:,2,4,:,3,2
1,3,:,2,4,:,3,2
1,3,:,2,4,:,3,2
1,3,:,2,4,:,3,2
1,3,:,2,4,:,3,2
1,3,:,2,4,:,3,2
1,3,:,2,4,:,3,2
1,3,:,2,4,:,3,2
1,3,:,2,4,:,3,2
1,3,:,2,4,:,3,2
1,3,:,2,4,:,3,2
1,3,:,2,4,:,3,2
1,3,:,2,4,:,3,2
1,3,:,2,4,:,3,2
1,3,:,2,4,:,3,2
1,3,:,2,4,:,3,2
1,3,:,2,4,:,3,2
1,3,:,2,4,:,3,2
1,3,:,2,4,:,3,2
1,3,:,2,4,:,3,2
1,3,:,2,4,:,3,2
1,3,:,2,4,:,3,2
1,3,:,2,4,:,3,2
1,3,:,2,4,:,3,2
1,3,:,2,4,:,3,2
1,3,:,2,4,:,3,2
1,3,:,2,4,:,3,2
1,3,:,2,4,:,3,2
1,3,:,2,4,:,3,2
1,3,:,2,4,:,3,2
1,3,:,2,4,:,3,2
1,3,:,2,4,:,3,2
1,3,:,2,4,:,3,2
1,3,:,2,4,:,3,2
1,3,:,2,4,:,3,2
1,3,:,2,4,:,3,2
1,3,:,2,4,:,3,2
1,3,:,2,4,:,3,2
1,3,:,2,4,:,3,2
1,3,:,2,4,:,3,2
1,3,:,2,4,:,3,2
1,3,:,2,4,:,3,2
1,3,:,2,4,:,3,2
1,3,:,2,4,:,3,2
1,3,:,2,4,:,3,2
1,3,:,2,4,:,3,2
1,3,:,2,4,:,3,2
1,3,:,2,4,:,3,2
1,3,:,2,4,:,3,2
1,3,:,2,4,:,3,2
1,3,:,2,4,:,3,2
1,3,:,2,4,:,3,2
1,3,:,2,4,:,3,2
1,3,:,2,4,:,3,2
1,3,:,2,4,:,3,2
1,3,:,2,4,:,3,2
1,3,:,2,4,:,3,2
1,3,:,2,4,:,3,2
1,3,:,2,4,:,3,2
1,3,:,2,4,:,3,2
1,3,:,2,4,:,3,3
1,3,:,2,4,:,3,3
1,3,:,2,4,:,3,3
1,3,:,2,4,:,3,3
1,3,:,2,4,:,3,3
1,3,:,2,4,:,3,3
1,3,:,2,4,:,3,3
1,3,:,2,4,:,3,3
1,3,:,2,4,:,3,3
1,3,:,2,4,:,3,3
1,3,:,2,4,:,3,3
1,3,:,2,4,:,3,3
1,3,:,2,4,:,3,3
1,3,:,2,4,:,3,3
1,3,:,2,4,:,3,3
1,3,:,2,4,:,3,3
1,3,:,2,4,:,3,3
1,3,:,2,4,:,3,3
1,3,:,2,4,:,3,3
1,3,:,2,4,:,3,3
1,3,:,2,4,:,3,3
1,3,:,2,4,:,3,3
1,3,:,2,4,:,3,3
1,3,:,2,4,:,3,3
1,3,:,2,4,:,3,3
1,3,:,2,4,:,3,3
1,3,:,2,4,:,3,3
1,3,:,2,4,:,3,3
1,3,:,2,4,:,3,3
1,3,:,2,4,:,3,3
1,3,:,2,4,:,3,3
1,3,:,2,4,:,3,3
1,3,:,2,4,:,3,3
1,3,:,2,4,:,3,3
1,3,:,2,4,:,3,3
1,3,:,2,4,:,3,3
1,3,:,2,4,:,3,3
1,3,:,2,4,:,3,3
1,3,:,2,4,:,3,3
1,3,:,2,4,:,3,3
1,3,:,2,4,:,3,3
1,3,:,2,4,:,3,3
1,3,:,2,4,:,3,3
1,3,:,2,4,:,3,3
1,3,:,2,4,:,3,3
1,3,:,2,4,:,3,3
1,3,:,2,4,:,3,3
1,3,:,2,4,:,3,3
1,3,:,2,4,:,3,3
1,3,:,2,4,:,3,3
1,3,:,2,4,:,3,3
1,3,:,2,4,:,3,3
1,3,:,2,4,:,3,3
1,3,:,2,4,:,3,3
1,3,:,2,4,:,3,3
1,3,:,2,4,:,3,3
1,3,:,2,4,:,3,3
1,3,:,2,4,:,3,3
1,3,:,2,4,:,3,3
1,3,:,2,4,:,3,3
1,3,:,2,4,:,3,3
1,3,:,2,4,:,3,3
1,3,:,2,4,:,3,3
1,3,:,2,4,:,3,3
1,3,:,2,4,:,3,3
1,3,:,2,4,:,3,3
1,3,:,2,4,:,3,3
1,3,:,2,4,:,3,3
1,3,:,2,4,:,3,3
1,3,:,2,4,:,3,3
1,3,:,2,4,:,3,3
1,3,:,2,4,:,3,3
1,3,:,2,4,:,3,3
1,3,:,2,4,:,3,3
1,3,:,2,4,:,3,3
1,3,:,2,4,:,3,3
1,3,:,2,4,:,3,3
1,3,:,2,4,:,3,3
1,3,:,2,4,:,3,3
1,3,:,2,4,:,3,3
1,3,:,2,4,:,3,3
1,3,:,2,4,:,3,3
1,3,:,2,4,:,3,3
1,3,:,2,4,:,3,3
1,3,:,2,4,:,3,3
1,3,:,2,4,:,3,3
1,3,:,2,4,:,3,3
1,3,:,2,4,:,3,3
1,3,:,2,4,:,3,3
1,3,:,2,4,:,3,3
1,3,:,2,4,:,3,4
1,3,:,2,4,:,3,4
1,3,:,2,4,:,3,4
1,3,:,2,4,:,3,4
1,3,:,2,4,:,3,4
1,3,:,2,4,:,3,4
1,3,:,2,4,:,3,4
1,3,:,2,4,:,3,4
1,3,:,2,4,:,3,4
1,3,:,2,4,:,3,4
1,3,:,2,4,:,3,4
1,3,:,2,4,:,3,4
1,3,:,2,4,:,3,4
1,3,:,2,4,:,3,4
1,3,:,2,4,:,3,4
1,3,:,2,4,:,3,4
1,3,:,2,4,:,3,4
1,3,:,2,4,:,3,4
1,3,:,2,4,:,3,4
1,3,:,2,4,:,3,4
1,3,:,2,4,:,3,4
1,3,:,2,4,:,3,4
1,3,:,2,4,:,3,4
1,3,:,2,4,:,3,4
1,3,:,2,4,:,3,4
1,3,:,2,4,:,3,4
1,3,:,2,4,:,3,4
1,3,:,2,4,:,3,4
1,3,:,2,4,:,3,4
1,3,:,2,4,:,3,4
1,3,:,2,4,:,3,4
1,3,:,2,4,:,3,4
1,3,:,2,4,:,3,4
1,3,:,2,4,:,3,4
1,3,:,2,4,:,3,4
1,3,:,2,4,:,3,4
1,3,:,2,4,:,3,4
1,3,:,2,4,:,3,4
1,3,:,2,4,:,3,4
1,3,:,2,4,:,3,4
1,3,:,2,4,:,3,4
1,3,:,2,4,:,3,4
1,3,:,2,4,:,3,4
1,3,:,2,4,:,3,4
1,3,:,2,4,:,3,4
1,3,:,2,4,:,3,4
1,3,:,2,4,:,3,4
1,3,:,2,4,:,3,4
1,3,:,2,4,:,3,4
1,3,:,2,4,:,3,4
1,3,:,2,4,:,3,4
1,3,:,2,4,:,3,4
1,3,:,2,4,:,3,4
1,3,:,2,4,:,3,4
1,3,:,2,4,:,3,4
1,3,:,2,4,:,3,4
1,3,:,2,4,:,3,4
1,3,:,2,4,:,3,4
1,3,:,2,4,:,3,4
1,3,:,2,4,:,3,4
1,3,:,2,4,:,3,4
1,3,:,2,4,:,3,4
1,3,:,2,4,:,3,4
1,3,:,2,4,:,3,4
1,3,:,2,4,:,3,4
1,3,:,2,4,:,3,4
1,3,:,2,4,:,3,4
1,3,:,2,4,:,3,4
1,3,:,2,4,:,3,4
1,3,:,2,4,:,3,4
1,3,:,2,4,:,3,4
1,3,:,2,4,:,3,4
1,3,:,2,4,:,3,4
1,3,:,2,4,:,3,4
1,3,:,2,4,:,3,4
1,3,:,2,4,:,3,4
1,3,:,2,4,:,3,4
1,3,:,2,4,:,3,4
1,3,:,2,4,:,3,4
1,3,:,2,4,:,3,4
1,3,:,2,4,:,3,4
1,3,:,2,4,:,3,4
1,3,:,2,4,:,3,4
1,3,:,2,4,:,3,4
1,3,:,2,4,:,3,4
1,3,:,2,4,:,3,4
1,3,:,2,4,:,3,4
1,3,:,2,4,:,3,4
1,3,:,2,4,:,3,4
1,3,:,2,4,:,3,4
1,3,:,2,4,:,3,4
1,3,:,2,4,:,3,5
1,3,:,2,4,:,3,5
1,3,:,2,4,:,3,5
1,3,:,2,4,:,3,5
1,3,:,2,4,:,3,5
1,3,:,2,4,:,3,5
1,3,:,2,4,:,3,5
1,3,:,2,4,:,3,5
1,3,:,2,4,:,3,5
1,3,:,2,4,:,3,5
1,3,:,2,4,:,3,5
1,3,:,2,4,:,3,5
1,3,:,2,4,:,3,5
1,3,:,2,4,:,3,5
1,3,:,2,4,:,3,5
1,3,:,2,4,:,3,5
1,3,:,2,4,:,3,5
1,3,:,2,4,:,3,5
1,3,:,2,4,:,3,5
1,3,:,2,4,:,3,5
1,3,:,2,4,:,3,5
1,3,:,2,4,:,3,5
1,3,:,2,4,:,3,5
1,3,:,2,4,:,3,5
1,3,:,2,4,:,3,5
1,3,:,2,4,:,3,5
1,3,:,2,4,:,3,5
1,3,:,2,4,:,3,5
1,3,:,2,4,:,3,5
1,3,:,2,4,:,3,5
1,3,:,2,4,:,3,5
1,3,:,2,4,:,3,5
1,3,:,2,4,:,3,5
1,3,:,2,4,:,3,5
1,3,:,2,4,:,3,5
1,3,:,2,4,:,3,5
1,3,:,2,4,:,3,5
1,3,:,2,4,:,3,5
1,3,:,2,4,:,3,5
1,3,:,2,4,:,3,5
1,3,:,2,4,:,3,5
1,3,:,2,4,:,3,5
1,3,:,2,4,:,3,5
1,3,:,2,4,:,3,5
1,3,:,2,4,:,3,5
1,3,:,2,4,:,3,5
1,3,:,2,4,:,3,5
1,3,:,2,4,:,3,5
1,3,:,2,4,:,3,5
1,3,:,2,4,:,3,5
1,3,:,2,4,:,3,5
1,3,:,2,4,:,3,5
1,3,:,2,4,:,3,5
1,3,:,2,4,:,3,5
1,3,:,2,4,:,3,5
1,3,:,2,4,:,3,5
1,3,:,2,4,:,3,5
1,3,:,2,4,:,3,5
1,3,:,2,4,:,3,5
1,3,:,2,4,:,3,5
1,3,:,2,4,:,3,5
1,3,:,2,4,:,3,5
1,3,:,2,4,:,3,5
1,3,:,2,4,:,3,5
1,3,:,2,4,:,3,5
1,3,:,2,4,:,3,5
1,3,:,2,4,:,3,5
1,3,:,2,4,:,3,5
1,3,:,2,4,:,3,5
1,3,:,2,4,:,3,5
1,3,:,2,4,:,3,5
1,3,:,2,4,:,3,5
1,3,:,2,4,:,3,5
1,3,:,2,4,:,3,5
1,3,:,2,4,:,3,5
1,3,:,2,4,:,3,5
1,3,:,2,4,:,3,5
1,3,:,2,4,:,3,5
1,3,:,2,4,:,3,5
1,3,:,2,4,:,3,5
1,3,:,2,4,:,3,5
1,3,:,2,4,:,3,5
1,3,:,2,4,:,3,5
1,3,:,2,4,:,3,5
1,3,:,2,4,:,3,5
1,3,:,2,4,:,3,5
1,3,:,2,4,:,3,5
1,3,:,2,4,:,3,5
1,3,:,2,4,:,3,5
1,3,:,2,4,:,3,6
1,3,:,2,4,:,3,6
1,3,:,2,4,:,3,6
1,3,:,2,4,:,3,6
1,3,:,2,4,:,3,6
1,3,:,2,4,:,3,6
1,3,:,2,4,:,3,6
1,3,:,2,4,:,3,6
1,3,:,2,4,:,3,6
1,3,:,2,4,:,3,6
1,3,:,2,4,:,3,6
1,3,:,2,4,:,3,6
1,3,:,2,4,:,3,6
1,3,:,2,4,:,3,6
1,3,:,2,4,:,3,6
1,3,:,2,4,:,3,6
1,3,:,2,4,:,3,6
1,3,:,2,4,:,3,6
1,3,:,2,4,:,3,6
1,3,:,2,4,:,3,6
1,3,:,2,4,:,3,6
1,3,:,2,4,:,3,6
1,3,:,2,4,:,3,6
1,3,:,2,4,:,3,6
1,3,:,2,4,:,3,6
1,3,:,2,4,:,3,6
1,3,:,2,4,:,3,6
1,3,:,2,4,:,3,6
1,3,:,2,4,:,3,6
1,3,:,2,4,:,3,6
1,3,:,2,4,:,3,6
1,3,:,2,4,:,3,6
1,3,:,2,4,:,3,6
1,3,:,2,4,:,3,6
1,3,:,2,4,:,3,6
1,3,:,2,4,:,3,6
1,3,:,2,4,:,3,6
1,3,:,2,4,:,3,6
1,3,:,2,4,:,3,6
1,3,:,2,4,:,3,6
1,3,:,2,4,:,3,6
1,3,:,2,4,:,3,6
1,3,:,2,4,:,3,6
1,3,:,2,4,:,3,6
1,3,:,2,4,:,3,6
1,3,:,2,4,:,3,6
1,3,:,2,4,:,3,6
1,3,:,2,4,:,3,6
1,3,:,2,4,:,3,6
1,3,:,2,4,:,3,6
1,3,:,2,4,:,3,6
1,3,:,2,4,:,3,6
1,3,:,2,4,:,3,6
1,3,:,2,4,:,3,6
1,3,:,2,4,:,3,6
1,3,:,2,4,:,3,6
1,3,:,2,4,:,3,6
1,3,:,2,4,:,3,6
1,3,:,2,4,:,3,6
1,3,:,2,4,:,3,6
1,3,:,2,4,:,3,6
1,3,:,2,4,:,3,6
1,3,:,2,4,:,3,6
1,3,:,2,4,:,3,6
1,3,:,2,4,:,3,6
1,3,:,2,4,:,3,6
1,3,:,2,4,:,3,6
1,3,:,2,4,:,3,6
1,3,:,2,4,:,3,6
1,3,:,2,4,:,3,6
1,3,:,2,4,:,3,6
1,3,:,2,4,:,3,6
1,3,:,2,4,:,3,6
1,3,:,2,4,:,3,6
1,3,:,2,4,:,3,6
1,3,:,2,4,:,3,6
1,3,:,2,4,:,3,6
1,3,:,2,4,:,3,6
1,3,:,2,4,:,3,6
1,3,:,2,4,:,3,6
1,3,:,2,4,:,3,6
1,3,:,2,4,:,3,6
1,3,:,2,4,:,3,6
1,3,:,2,4,:,3,6
1,3,:,2,4,:,3,6
1,3,:,2,4,:,3,6
1,3,:,2,4,:,3,6
1,3,:,2,4,:,3,6
1,3,:,2,4,:,3,6
1,3,:,2,4,:,3,6
1,3,:,2,4,:,3,6
1,3,:,2,4,:,3,7
1,3,:,2,4,:,3,7
1,3,:,2,4,:,3,7
1,3,:,2,4,:,3,7
1,3,:,2,4,:,3,7
1,3,:,2,4,:,3,7
1,3,:,2,4,:,3,7
1,3,:,2,4,:,3,7
1,3,:,2,4,:,3,7
1,3,:,2,4,:,3,7
1,3,:,2,4,:,3,7
1,3,:,2,4,:,3,7
1,3,:,2,4,:,3,7
1,3,:,2,4,:,3,7
1,3,:,2,4,:,3,7
1,3,:,2,4,:,3,7
1,3,:,2,4,:,3,7
1,3,:,2,4,:,3,7
1,3,:,2,4,:,3,7
1,3,:,2,4,:,3,7
1,3,:,2,4,:,3,7
1,3,:,2,4,:,3,7
1,3,:,2,4,:,3,7
1,3,:,2,4,:,3,7
1,3,:,2,4,:,3,7
1,3,:,2,4,:,3,7
1,3,:,2,4,:,3,7
1,3,:,2,4,:,3,7
1,3,:,2,4,:,3,7
1,3,:,2,4,:,3,7
1,3,:,2,4,:,3,7
1,3,:,2,4,:,3,7
1,3,:,2,4,:,3,7
1,3,:,2,4,:,3,7
1,3,:,2,4,:,3,7
1,3,:,2,4,:,3,7
1,3,:,2,4,:,3,7
1,3,:,2,4,:,3,7
1,3,:,2,4,:,3,7
1,3,:,2,4,:,3,7
1,3,:,2,4,:,3,7
1,3,:,2,4,:,3,7
1,3,:,2,4,:,3,7
1,3,:,2,4,:,3,7
1,3,:,2,4,:,3,7
1,3,:,2,4,:,3,7
1,3,:,2,4,:,3,7
1,3,:,2,4,:,3,7
1,3,:,2,4,:,3,7
1,3,:,2,4,:,3,7
1,3,:,2,4,:,3,7
1,3,:,2,4,:,3,7
1,3,:,2,4,:,3,7
1,3,:,2,4,:,3,7
1,3,:,2,4,:,3,7
1,3,:,2,4,:,3,7
1,3,:,2,4,:,3,7
1,3,:,2,4,:,3,7
1,3,:,2,4,:,3,7
1,3,:,2,4,:,3,7
1,3,:,2,4,:,3,7
1,3,:,2,4,:,3,7
1,3,:,2,4,:,3,7
1,3,:,2,4,:,3,7
1,3,:,2,4,:,3,7
1,3,:,2,4,:,3,7
1,3,:,2,4,:,3,7
1,3,:,2,4,:,3,7
1,3,:,2,4,:,3,7
1,3,:,2,4,:,3,7
1,3,:,2,4,:,3,7
1,3,:,2,4,:,3,7
1,3,:,2,4,:,3,7
1,3,:,2,4,:,3,7
1,3,:,2,4,:,3,7
1,3,:,2,4,:,3,7
1,3,:,2,4,:,3,7
1,3,:,2,4,:,3,7
1,3,:,2,4,:,3,7
1,3,:,2,4,:,3,7
1,3,:,2,4,:,3,7
1,3,:,2,4,:,3,7
1,3,:,2,4,:,3,7
1,3,:,2,4,:,3,7
1,3,:,2,4,:,3,7
1,3,:,2,4,:,3,7
1,3,:,2,4,:,3,7
1,3,:,2,4,:,3,7
1,3,:,2,4,:,3,7
1,3,:,2,4,:,3,7
1,3,:,2,4,:,3,8
1,3,:,2,4,:,3,8
1,3,:,2,4,:,3,8
1,3,:,2,4,:,3,8
1,3,:,2,4,:,3,8
1,3,:,2,4,:,3,8
1,3,:,2,4,:,3,8
1,3,:,2,4,:,3,8
1,3,:,2,4,:,3,8
1,3,:,2,4,:,3,8
1,3,:,2,4,:,3,8
1,3,:,2,4,:,3,8
1,3,:,2,4,:,3,8
1,3,:,2,4,:,3,8
1,3,:,2,4,:,3,8
1,3,:,2,4,:,3,8
1,3,:,2,4,:,3,8
1,3,:,2,4,:,3,8
1,3,:,2,4,:,3,8
1,3,:,2,4,:,3,8
1,3,:,2,4,:,3,8
1,3,:,2,4,:,3,8
1,3,:,2,4,:,3,8
1,3,:,2,4,:,3,8
1,3,:,2,4,:,3,8
1,3,:,2,4,:,3,8
1,3,:,2,4,:,3,8
1,3,:,2,4,:,3,8
1,3,:,2,4,:,3,8
1,3,:,2,4,:,3,8
1,3,:,2,4,:,3,8
1,3,:,2,4,:,3,8
1,3,:,2,4,:,3,8
1,3,:,2,4,:,3,8
1,3,:,2,4,:,3,8
1,3,:,2,4,:,3,8
1,3,:,2,4,:,3,8
1,3,:,2,4,:,3,8
1,3,:,2,4,:,3,8
1,3,:,2,4,:,3,8
1,3,:,2,4,:,3,8
1,3,:,2,4,:,3,8
1,3,:,2,4,:,3,8
1,3,:,2,4,:,3,8
1,3,:,2,4,:,3,8
1,3,:,2,4,:,3,8
1,3,:,2,4,:,3,8
1,3,:,2,4,:,3,8
1,3,:,2,4,:,3,8
1,3,:,2,4,:,3,8
1,3,:,2,4,:,3,8
1,3,:,2,4,:,3,8
1,3,:,2,4,:,3,8
1,3,:,2,4,:,3,8
1,3,:,2,4,:,3,8
1,3,:,2,4,:,3,8
1,3,:,2,4,:,3,8
1,3,:,2,4,:,3,8
1,3,:,2,4,:,3,8
1,3,:,2,4,:,3,8
1,3,:,2,4,:,3,8
1,3,:,2,4,:,3,8
1,3,:,2,4,:,3,8
1,3,:,2,4,:,3,8
1,3,:,2,4,:,3,8
1,3,:,2,4,:,3,8
1,3,:,2,4,:,3,8
1,3,:,2,4,:,3,8
1,3,:,2,4,:,3,8
1,3,:,2,4,:,3,8
1,3,:,2,4,:,3,8
1,3,:,2,4,:,3,8
1,3,:,2,4,:,3,8
1,3,:,2,4,:,3,8
1,3,:,2,4,:,3,8
1,3,:,2,4,:,3,8
1,3,:,2,4,:,3,8
1,3,:,2,4,:,3,8
1,3,:,2,4,:,3,8
1,3,:,2,4,:,3,8
1,3,:,2,4,:,3,8
1,3,:,2,4,:,3,8
1,3,:,2,4,:,3,8
1,3,:,2,4,:,3,8
1,3,:,2,4,:,3,8
1,3,:,2,4,:,3,8
1,3,:,2,4,:,3,8
1,3,:,2,4,:,3,8
1,3,:,2,4,:,3,8
1,3,:,2,4,:,3,8
1,3,:,2,4,:,3,9
1,3,:,2,4,:,3,9
1,3,:,2,4,:,3,9
1,3,:,2,4,:,3,9
1,3,:,2,4,:,3,9
1,3,:,2,4,:,3,9
1,3,:,2,4,:,3,9
1,3,:,2,4,:,3,9
1,3,:,2,4,:,3,9
1,3,:,2,4,:,3,9
1,3,:,2,4,:,3,9
1,3,:,2,4,:,3,9
1,3,:,2,4,:,3,9
1,3,:,2,4,:,3,9
1,3,:,2,4,:,3,9
1,3,:,2,4,:,3,9
1,3,:,2,4,:,3,9
1,3,:,2,4,:,3,9
1,3,:,2,4,:,3,9
1,3,:,2,4,:,3,9
1,3,:,2,4,:,3,9
1,3,:,2,4,:,3,9
1,3,:,2,4,:,3,9
1,3,:,2,4,:,3,9
1,3,:,2,4,:,3,9
1,3,:,2,4,:,3,9
1,3,:,2,4,:,3,9
1,3,:,2,4,:,3,9
1,3,:,2,4,:,3,9
1,3,:,2,4,:,3,9
1,3,:,2,4,:,3,9
1,3,:,2,4,:,3,9
1,3,:,2,4,:,3,9
1,3,:,2,4,:,3,9
1,3,:,2,4,:,3,9
1,3,:,2,4,:,3,9
1,3,:,2,4,:,3,9
1,3,:,2,4,:,3,9
1,3,:,2,4,:,3,9
1,3,:,2,4,:,3,9
1,3,:,2,4,:,3,9
1,3,:,2,4,:,3,9
1,3,:,2,4,:,3,9
1,3,:,2,4,:,3,9
1,3,:,2,4,:,3,9
1,3,:,2,4,:,3,9
1,3,:,2,4,:,3,9
1,3,:,2,4,:,3,9
1,3,:,2,4,:,3,9
1,3,:,2,4,:,3,9
1,3,:,2,4,:,3,9
1,3,:,2,4,:,3,9
1,3,:,2,4,:,3,9
1,3,:,2,4,:,3,9
1,3,:,2,4,:,3,9
1,3,:,2,4,:,3,9
1,3,:,2,4,:,3,9
1,3,:,2,4,:,3,9
1,3,:,2,4,:,3,9
1,3,:,2,4,:,3,9
1,3,:,2,4,:,3,9
1,3,:,2,4,:,3,9
1,3,:,2,4,:,3,9
1,3,:,2,4,:,3,9
1,3,:,2,4,:,3,9
1,3,:,2,4,:,3,9
1,3,:,2,4,:,3,9
1,3,:,2,4,:,3,9
1,3,:,2,4,:,3,9
1,3,:,2,4,:,3,9
1,3,:,2,4,:,3,9
1,3,:,2,4,:,3,9
1,3,:,2,4,:,3,9
1,3,:,2,4,:,3,9
1,3,:,2,4,:,3,9
1,3,:,2,4,:,3,9
1,3,:,2,4,:,3,9
1,3,:,2,4,:,3,9
1,3,:,2,4,:,3,9
1,3,:,2,4,:,3,9
1,3,:,2,4,:,3,9
1,3,:,2,4,:,3,9
1,3,:,2,4,:,3,9
1,3,:,2,4,:,3,9
1,3,:,2,4,:,3,9
1,3,:,2,4,:,3,9
1,3,:,2,4,:,3,9
1,3,:,2,4,:,3,9
1,3,:,2,4,:,3,9
1,3,:,2,4,:,3,9
1,3,:,2,4,:,4,0
1,3,:,2,4,:,4,0
1,3,:,2,4,:,4,0
1,3,:,2,4,:,4,0
1,3,:,2,4,:,4,0
1,3,:,2,4,:,4,0
1,3,:,2,4,:,4,0
1,3,:,2,4,:,4,0
1,3,:,2,4,:,4,0
1,3,:,2,4,:,4,0
1,3,:,2,4,:,4,0
1,3,:,2,4,:,4,0
1,3,:,2,4,:,4,0
1,3,:,2,4,:,4,0
1,3,:,2,4,:,4,0
1,3,:,2,4,:,4,0
1,3,:,2,4,:,4,0
1,3,:,2,4,:,4,0
1,3,:,2,4,:,4,0
1,3,:,2,4,:,4,0
1,3,:,2,4,:,4,0
1,3,:,2,4,:,4,0
1,3,:,2,4,:,4,0
1,3,:,2,4,:,4,0
1,3,:,2,4,:,4,0
1,3,:,2,4,:,4,0
1,3,:,2,4,:,4,0
1,3,:,2,4,:,4,0
1,3,:,2,4,:,4,0
1,3,:,2,4,:,4,0
1,3,:,2,4,:,4,0
1,3,:,2,4,:,4,0
1,3,:,2,4,:,4,0
1,3,:,2,4,:,4,0
1,3,:,2,4,:,4,0
1,3,:,2,4,:,4,0
1,3,:,2,4,:,4,0
1,3,:,2,4,:,4,0
1,3,:,2,4,:,4,0
1,3,:,2,4,:,4,0
1,3,:,2,4,:,4,0
1,3,:,2,4,:,4,0
1,3,:,2,4,:,4,0
1,3,:,2,4,:,4,0
1,3,:,2,4,:,4,0
1,3,:,2,4,:,4,0
1,3,:,2,4,:,4,0
1,3,:,2,4,:,4,0
1,3,:,2,4,:,4,0
1,3,:,2,4,:,4,0
1,3,:,2,4,:,4,0
1,3,:,2,4,:,4,0
1,3,:,2,4,:,4,0
1,3,:,2,4,:,4,0
1,3,:,2,4,:,4,0
1,3,:,2,4,:,4,0
1,3,:,2,4,:,4,0
1,3,:,2,4,:,4,0
1,3,:,2,4,:,4,0
1,3,:,2,4,:,4,0
1,3,:,2,4,:,4,0
1,3,:,2,4,:,4,0
1,3,:,2,4,:,4,0
1,3,:,2,4,:,4,0
1,3,:,2,4,:,4,0
1,3,:,2,4,:,4,0
1,3,:,2,4,:,4,0
1,3,:,2,4,:,4,0
1,3,:,2,4,:,4,0
1,3,:,2,4,:,4,0
1,3,:,2,4,:,4,0
1,3,:,2,4,:,4,0
1,3,:,2,4,:,4,0
1,3,:,2,4,:,4,0
1,3,:,2,4,:,4,0
1,3,:,2,4,:,4,0
1,3,:,2,4,:,4,0
1,3,:,2,4,:,4,0
1,3,:,2,4,:,4,0
1,3,:,2,4,:,4,0
1,3,:,2,4,:,4,0
1,3,:,2,4,:,4,0
1,3,:,2,4,:,4,0
1,3,:,2,4,:,4,0
1,3,:,2,4,:,4,0
1,3,:,2,4,:,4,0
1,3,:,2,4,:,4,0
1,3,:,2,4,:,4,0
1,3,:,2,4,:,4,0
1,3,:,2,4,:,4,0
1,3,:,2,4,:,4,1
1,3,:,2,4,:,4,1
1,3,:,2,4,:,4,1
1,3,:,2,4,:,4,1
1,3,:,2,4,:,4,1
1,3,:,2,4,:,4,1
1,3,:,2,4,:,4,1
1,3,:,2,4,:,4,1
1,3,:,2,4,:,4,1
1,3,:,2,4,:,4,1
1,3,:,2,4,:,4,1
1,3,:,2,4,:,4,1
1,3,:,2,4,:,4,1
1,3,:,2,4,:,4,1
1,3,:,2,4,:,4,1
1,3,:,2,4,:,4,1
1,3,:,2,4,:,4,1
1,3,:,2,4,:,4,1
1,3,:,2,4,:,4,1
1,3,:,2,4,:,4,1
1,3,:,2,4,:,4,1
1,3,:,2,4,:,4,1
1,3,:,2,4,:,4,1
1,3,:,2,4,:,4,1
1,3,:,2,4,:,4,1
1,3,:,2,4,:,4,1
1,3,:,2,4,:,4,1
1,3,:,2,4,:,4,1
1,3,:,2,4,:,4,1
1,3,:,2,4,:,4,1
1,3,:,2,4,:,4,1
1,3,:,2,4,:,4,1
1,3,:,2,4,:,4,1
1,3,:,2,4,:,4,1
1,3,:,2,4,:,4,1
1,3,:,2,4,:,4,1
1,3,:,2,4,:,4,1
1,3,:,2,4,:,4,1
1,3,:,2,4,:,4,1
1,3,:,2,4,:,4,1
1,3,:,2,4,:,4,1
1,3,:,2,4,:,4,1
1,3,:,2,4,:,4,1
1,3,:,2,4,:,4,1
1,3,:,2,4,:,4,1
1,3,:,2,4,:,4,1
1,3,:,2,4,:,4,1
1,3,:,2,4,:,4,1
1,3,:,2,4,:,4,1
1,3,:,2,4,:,4,1
1,3,:,2,4,:,4,1
1,3,:,2,4,:,4,1
1,3,:,2,4,:,4,1
1,3,:,2,4,:,4,1
1,3,:,2,4,:,4,1
1,3,:,2,4,:,4,1
1,3,:,2,4,:,4,1
1,3,:,2,4,:,4,1
1,3,:,2,4,:,4,1
1,3,:,2,4,:,4,1
1,3,:,2,4,:,4,1
1,3,:,2,4,:,4,1
1,3,:,2,4,:,4,1
1,3,:,2,4,:,4,1
1,3,:,2,4,:,4,1
1,3,:,2,4,:,4,1
1,3,:,2,4,:,4,1
1,3,:,2,4,:,4,1
1,3,:,2,4,:,4,1
1,3,:,2,4,:,4,1
1,3,:,2,4,:,4,1
1,3,:,2,4,:,4,1
1,3,:,2,4,:,4,1
1,3,:,2,4,:,4,1
1,3,:,2,4,:,4,1
1,3,:,2,4,:,4,1
1,3,:,2,4,:,4,1
1,3,:,2,4,:,4,1
1,3,:,2,4,:,4,1
1,3,:,2,4,:,4,1
1,3,:,2,4,:,4,1
1,3,:,2,4,:,4,1
1,3,:,2,4,:,4,1
1,3,:,2,4,:,4,1
1,3,:,2,4,:,4,1
1,3,:,2,4,:,4,1
1,3,:,2,4,:,4,1
1,3,:,2,4,:,4,1
1,3,:,2,4,:,4,1
1,3,:,2,4,:,4,1
1,3,:,2,4,:,4,2
1,3,:,2,4,:,4,2
1,3,:,2,4,:,4,2
1,3,:,2,4,:,4,2
1,3,:,2,4,:,4,2
1,3,:,2,4,:,4,2
1,3,:,2,4,:,4,2
1,3,:,2,4,:,4,2
1,3,:,2,4,:,4,2
1,3,:,2,4,:,4,2
1,3,:,2,4,:,4,2
1,3,:,2,4,:,4,2
1,3,:,2,4,:,4,2
1,3,:,2,4,:,4,2
1,3,:,2,4,:,4,2
1,3,:,2,4,:,4,2
1,3,:,2,4,:,4,2
1,3,:,2,4,:,4,2
1,3,:,2,4,:,4,2
1,3,:,2,4,:,4,2
1,3,:,2,4,:,4,2
1,3,:,2,4,:,4,2
1,3,:,2,4,:,4,2
1,3,:,2,4,:,4,2
1,3,:,2,4,:,4,2
1,3,:,2,4,:,4,2
1,3,:,2,4,:,4,2
1,3,:,2,4,:,4,2
1,3,:,2,4,:,4,2
1,3,:,2,4,:,4,2
1,3,:,2,4,:,4,2
1,3,:,2,4,:,4,2
1,3,:,2,4,:,4,2
1,3,:,2,4,:,4,2
1,3,:,2,4,:,4,2
1,3,:,2,4,:,4,2
1,3,:,2,4,:,4,2
1,3,:,2,4,:,4,2
1,3,:,2,4,:,4,2
1,3,:,2,4,:,4,2
1,3,:,2,4,:,4,2
1,3,:,2,4,:,4,2
1,3,:,2,4,:,4,2
1,3,:,2,4,:,4,2
1,3,:,2,4,:,4,2
1,3,:,2,4,:,4,2
1,3,:,2,4,:,4,2
1,3,:,2,4,:,4,2
1,3,:,2,4,:,4,2
1,3,:,2,4,:,4,2
1,3,:,2,4,:,4,2
1,3,:,2,4,:,4,2
1,3,:,2,4,:,4,2
1,3,:,2,4,:,4,2
1,3,:,2,4,:,4,2
1,3,:,2,4,:,4,2
1,3,:,2,4,:,4,2
1,3,:,2,4,:,4,2
1,3,:,2,4,:,4,2
1,3,:,2,4,:,4,2
1,3,:,2,4,:,4,2
1,3,:,2,4,:,4,2
1,3,:,2,4,:,4,2
1,3,:,2,4,:,4,2
1,3,:,2,4,:,4,2
1,3,:,2,4,:,4,2
1,3,:,2,4,:,4,2
1,3,:,2,4,:,4,2
1,3,:,2,4,:,4,2
1,3,:,2,4,:,4,2
1,3,:,2,4,:,4,2
1,3,:,2,4,:,4,2
1,3,:,2,4,:,4,2
1,3,:,2,4,:,4,2
1,3,:,2,4,:,4,2
1,3,:,2,4,:,4,2
1,3,:,2,4,:,4,2
1,3,:,2,4,:,4,2
1,3,:,2,4,:,4,2
1,3,:,2,4,:,4,2
1,3,:,2,4,:,4,2
1,3,:,2,4,:,4,2
1,3,:,2,4,:,4,2
1,3,:,2,4,:,4,2
1,3,:,2,4,:,4,2
1,3,:,2,4,:,4,2
1,3,:,2,4,:,4,2
1,3,:,2,4,:,4,2
1,3,:,2,4,:,4,2
1,3,:,2,4,:,4,2
1,3,:,2,4,:,4,3
1,3,:,2,4,:,4,3
1,3,:,2,4,:,4,3
1,3,:,2,4,:,4,3
1,3,:,2,4,:,4,3
1,3,:,2,4,:,4,3
1,3,:,2,4,:,4,3
1,3,:,2,4,:,4,3
1,3,:,2,4,:,4,3
1,3,:,2,4,:,4,3
1,3,:,2,4,:,4,3
1,3,:,2,4,:,4,3
1,3,:,2,4,:,4,3
1,3,:,2,4,:,4,3
1,3,:,2,4,:,4,3
1,3,:,2,4,:,4,3
1,3,:,2,4,:,4,3
1,3,:,2,4,:,4,3
1,3,:,2,4,:,4,3
1,3,:,2,4,:,4,3
1,3,:,2,4,:,4,3
1,3,:,2,4,:,4,3
1,3,:,2,4,:,4,3
1,3,:,2,4,:,4,3
1,3,:,2,4,:,4,3
1,3,:,2,4,:,4,3
1,3,:,2,4,:,4,3
1,3,:,2,4,:,4,3
1,3,:,2,4,:,4,3
1,3,:,2,4,:,4,3
1,3,:,2,4,:,4,3
1,3,:,2,4,:,4,3
1,3,:,2,4,:,4,3
1,3,:,2,4,:,4,3
1,3,:,2,4,:,4,3
1,3,:,2,4,:,4,3
1,3,:,2,4,:,4,3
1,3,:,2,4,:,4,3
1,3,:,2,4,:,4,3
1,3,:,2,4,:,4,3
1,3,:,2,4,:,4,3
1,3,:,2,4,:,4,3
1,3,:,2,4,:,4,3
1,3,:,2,4,:,4,3
1,3,:,2,4,:,4,3
1,3,:,2,4,:,4,3
1,3,:,2,4,:,4,3
1,3,:,2,4,:,4,3
1,3,:,2,4,:,4,3
1,3,:,2,4,:,4,3
1,3,:,2,4,:,4,3
1,3,:,2,4,:,4,3
1,3,:,2,4,:,4,3
1,3,:,2,4,:,4,3
1,3,:,2,4,:,4,3
1,3,:,2,4,:,4,3
1,3,:,2,4,:,4,3
1,3,:,2,4,:,4,3
1,3,:,2,4,:,4,3
1,3,:,2,4,:,4,3
1,3,:,2,4,:,4,3
1,3,:,2,4,:,4,3
1,3,:,2,4,:,4,3
1,3,:,2,4,:,4,3
1,3,:,2,4,:,4,3
1,3,:,2,4,:,4,3
1,3,:,2,4,:,4,3
1,3,:,2,4,:,4,3
1,3,:,2,4,:,4,3
1,3,:,2,4,:,4,3
1,3,:,2,4,:,4,3
1,3,:,2,4,:,4,3
1,3,:,2,4,:,4,3
1,3,:,2,4,:,4,3
1,3,:,2,4,:,4,3
1,3,:,2,4,:,4,3
1,3,:,2,4,:,4,3
1,3,:,2,4,:,4,3
1,3,:,2,4,:,4,3
1,3,:,2,4,:,4,3
1,3,:,2,4,:,4,3
1,3,:,2,4,:,4,3
1,3,:,2,4,:,4,3
1,3,:,2,4,:,4,3
1,3,:,2,4,:,4,3
1,3,:,2,4,:,4,3
1,3,:,2,4,:,4,3
1,3,:,2,4,:,4,3
1,3,:,2,4,:,4,3
1,3,:,2,4,:,4,3
1,3,:,2,4,:,4,4
1,3,:,2,4,:,4,4
1,3,:,2,4,:,4,4
1,3,:,2,4,:,4,4
1,3,:,2,4,:,4,4
1,3,:,2,4,:,4,4
1,3,:,2,4,:,4,4
1,3,:,2,4,:,4,4
1,3,:,2,4,:,4,4
1,3,:,2,4,:,4,4
1,3,:,2,4,:,4,4
1,3,:,2,4,:,4,4
1,3,:,2,4,:,4,4
1,3,:,2,4,:,4,4
1,3,:,2,4,:,4,4
1,3,:,2,4,:,4,4
1,3,:,2,4,:,4,4
1,3,:,2,4,:,4,4
1,3,:,2,4,:,4,4
1,3,:,2,4,:,4,4
1,3,:,2,4,:,4,4
1,3,:,2,4,:,4,4
1,3,:,2,4,:,4,4
1,3,:,2,4,:,4,4
1,3,:,2,4,:,4,4
1,3,:,2,4,:,4,4
1,3,:,2,4,:,4,4
1,3,:,2,4,:,4,4
1,3,:,2,4,:,4,4
1,3,:,2,4,:,4,4
1,3,:,2,4,:,4,4
1,3,:,2,4,:,4,4
1,3,:,2,4,:,4,4
1,3,:,2,4,:,4,4
1,3,:,2,4,:,4,4
1,3,:,2,4,:,4,4
1,3,:,2,4,:,4,4
1,3,:,2,4,:,4,4
1,3,:,2,4,:,4,4
1,3,:,2,4,:,4,4
1,3,:,2,4,:,4,4
1,3,:,2,4,:,4,4
1,3,:,2,4,:,4,4
1,3,:,2,4,:,4,4
1,3,:,2,4,:,4,4
1,3,:,2,4,:,4,4
1,3,:,2,4,:,4,4
1,3,:,2,4,:,4,4
1,3,:,2,4,:,4,4
1,3,:,2,4,:,4,4
1,3,:,2,4,:,4,4
1,3,:,2,4,:,4,4
1,3,:,2,4,:,4,4
1,3,:,2,4,:,4,4
1,3,:,2,4,:,4,4
1,3,:,2,4,:,4,4
1,3,:,2,4,:,4,4
1,3,:,2,4,:,4,4
1,3,:,2,4,:,4,4
1,3,:,2,4,:,4,4
1,3,:,2,4,:,4,4
1,3,:,2,4,:,4,4
1,3,:,2,4,:,4,4
1,3,:,2,4,:,4,4
1,3,:,2,4,:,4,4
1,3,:,2,4,:,4,4
1,3,:,2,4,:,4,4
1,3,:,2,4,:,4,4
1,3,:,2,4,:,4,4
1,3,:,2,4,:,4,4
1,3,:,2,4,:,4,4
1,3,:,2,4,:,4,4
1,3,:,2,4,:,4,4
1,3,:,2,4,:,4,4
1,3,:,2,4,:,4,4
1,3,:,2,4,:,4,4
1,3,:,2,4,:,4,4
1,3,:,2,4,:,4,4
1,3,:,2,4,:,4,4
1,3,:,2,4,:,4,4
1,3,:,2,4,:,4,4
1,3,:,2,4,:,4,4
1,3,:,2,4,:,4,4
1,3,:,2,4,:,4,4
1,3,:,2,4,:,4,4
1,3,:,2,4,:,4,4
1,3,:,2,4,:,4,4
1,3,:,2,4,:,4,4
1,3,:,2,4,:,4,4
1,3,:,2,4,:,4,4
1,3,:,2,4,:,4,5
1,3,:,2,4,:,4,5
1,3,:,2,4,:,4,5
1,3,:,2,4,:,4,5
1,3,:,2,4,:,4,5
1,3,:,2,4,:,4,5
1,3,:,2,4,:,4,5
1,3,:,2,4,:,4,5
1,3,:,2,4,:,4,5
1,3,:,2,4,:,4,5
1,3,:,2,4,:,4,5
1,3,:,2,4,:,4,5
1,3,:,2,4,:,4,5
1,3,:,2,4,:,4,5
1,3,:,2,4,:,4,5
1,3,:,2,4,:,4,5
1,3,:,2,4,:,4,5
1,3,:,2,4,:,4,5
1,3,:,2,4,:,4,5
1,3,:,2,4,:,4,5
1,3,:,2,4,:,4,5
1,3,:,2,4,:,4,5
1,3,:,2,4,:,4,5
1,3,:,2,4,:,4,5
1,3,:,2,4,:,4,5
1,3,:,2,4,:,4,5
1,3,:,2,4,:,4,5
1,3,:,2,4,:,4,5
1,3,:,2,4,:,4,5
1,3,:,2,4,:,4,5
1,3,:,2,4,:,4,5
1,3,:,2,4,:,4,5
1,3,:,2,4,:,4,5
1,3,:,2,4,:,4,5
1,3,:,2,4,:,4,5
1,3,:,2,4,:,4,5
1,3,:,2,4,:,4,5
1,3,:,2,4,:,4,5
1,3,:,2,4,:,4,5
1,3,:,2,4,:,4,5
1,3,:,2,4,:,4,5
1,3,:,2,4,:,4,5
1,3,:,2,4,:,4,5
1,3,:,2,4,:,4,5
1,3,:,2,4,:,4,5
1,3,:,2,4,:,4,5
1,3,:,2,4,:,4,5
1,3,:,2,4,:,4,5
1,3,:,2,4,:,4,5
1,3,:,2,4,:,4,5
1,3,:,2,4,:,4,5
1,3,:,2,4,:,4,5
1,3,:,2,4,:,4,5
1,3,:,2,4,:,4,5
1,3,:,2,4,:,4,5
1,3,:,2,4,:,4,5
1,3,:,2,4,:,4,5
1,3,:,2,4,:,4,5
1,3,:,2,4,:,4,5
1,3,:,2,4,:,4,5
1,3,:,2,4,:,4,5
1,3,:,2,4,:,4,5
1,3,:,2,4,:,4,5
1,3,:,2,4,:,4,5
1,3,:,2,4,:,4,5
1,3,:,2,4,:,4,5
1,3,:,2,4,:,4,5
1,3,:,2,4,:,4,5
1,3,:,2,4,:,4,5
1,3,:,2,4,:,4,5
1,3,:,2,4,:,4,5
1,3,:,2,4,:,4,5
1,3,:,2,4,:,4,5
1,3,:,2,4,:,4,5
1,3,:,2,4,:,4,5
1,3,:,2,4,:,4,5
1,3,:,2,4,:,4,5
1,3,:,2,4,:,4,5
1,3,:,2,4,:,4,5
1,3,:,2,4,:,4,5
1,3,:,2,4,:,4,5
1,3,:,2,4,:,4,5
1,3,:,2,4,:,4,5
1,3,:,2,4,:,4,5
1,3,:,2,4,:,4,5
1,3,:,2,4,:,4,5
1,3,:,2,4,:,4,5
1,3,:,2,4,:,4,5
1,3,:,2,4,:,4,5
1,3,:,2,4,:,4,5
1,3,:,2,4,:,4,6
1,3,:,2,4,:,4,6
1,3,:,2,4,:,4,6
1,3,:,2,4,:,4,6
1,3,:,2,4,:,4,6
1,3,:,2,4,:,4,6
1,3,:,2,4,:,4,6
1,3,:,2,4,:,4,6
1,3,:,2,4,:,4,6
1,3,:,2,4,:,4,6
1,3,:,2,4,:,4,6
1,3,:,2,4,:,4,6
1,3,:,2,4,:,4,6
1,3,:,2,4,:,4,6
1,3,:,2,4,:,4,6
1,3,:,2,4,:,4,6
1,3,:,2,4,:,4,6
1,3,:,2,4,:,4,6
1,3,:,2,4,:,4,6
1,3,:,2,4,:,4,6
1,3,:,2,4,:,4,6
1,3,:,2,4,:,4,6
1,3,:,2,4,:,4,6
1,3,:,2,4,:,4,6
1,3,:,2,4,:,4,6
1,3,:,2,4,:,4,6
1,3,:,2,4,:,4,6
1,3,:,2,4,:,4,6
1,3,:,2,4,:,4,6
1,3,:,2,4,:,4,6
1,3,:,2,4,:,4,6
1,3,:,2,4,:,4,6
1,3,:,2,4,:,4,6
1,3,:,2,4,:,4,6
1,3,:,2,4,:,4,6
1,3,:,2,4,:,4,6
1,3,:,2,4,:,4,6
1,3,:,2,4,:,4,6
1,3,:,2,4,:,4,6
1,3,:,2,4,:,4,6
1,3,:,2,4,:,4,6
1,3,:,2,4,:,4,6
1,3,:,2,4,:,4,6
1,3,:,2,4,:,4,6
1,3,:,2,4,:,4,6
1,3,:,2,4,:,4,6
1,3,:,2,4,:,4,6
1,3,:,2,4,:,4,6
1,3,:,2,4,:,4,6
1,3,:,2,4,:,4,6
1,3,:,2,4,:,4,6
1,3,:,2,4,:,4,6
1,3,:,2,4,:,4,6
1,3,:,2,4,:,4,6
1,3,:,2,4,:,4,6
1,3,:,2,4,:,4,6
1,3,:,2,4,:,4,6
1,3,:,2,4,:,4,6
1,3,:,2,4,:,4,6
1,3,:,2,4,:,4,6
1,3,:,2,4,:,4,6
1,3,:,2,4,:,4,6
1,3,:,2,4,:,4,6
1,3,:,2,4,:,4,6
1,3,:,2,4,:,4,6
1,3,:,2,4,:,4,6
1,3,:,2,4,:,4,6
1,3,:,2,4,:,4,6
1,3,:,2,4,:,4,6
1,3,:,2,4,:,4,6
1,3,:,2,4,:,4,6
1,3,:,2,4,:,4,6
1,3,:,2,4,:,4,6
1,3,:,2,4,:,4,6
1,3,:,2,4,:,4,6
1,3,:,2,4,:,4,6
1,3,:,2,4,:,4,6
1,3,:,2,4,:,4,6
1,3,:,2,4,:,4,6
1,3,:,2,4,:,4,6
1,3,:,2,4,:,4,6
1,3,:,2,4,:,4,6
1,3,:,2,4,:,4,6
1,3,:,2,4,:,4,6
1,3,:,2,4,:,4,6
1,3,:,2,4,:,4,6
1,3,:,2,4,:,4,6
1,3,:,2,4,:,4,6
1,3,:,2,4,:,4,6
1,3,:,2,4,:,4,6
1,3,:,2,4,:,4,7
1,3,:,2,4,:,4,7
1,3,:,2,4,:,4,7
1,3,:,2,4,:,4,7
1,3,:,2,4,:,4,7
1,3,:,2,4,:,4,7
1,3,:,2,4,:,4,7
1,3,:,2,4,:,4,7
1,3,:,2,4,:,4,7
1,3,:,2,4,:,4,7
1,3,:,2,4,:,4,7
1,3,:,2,4,:,4,7
1,3,:,2,4,:,4,7
1,3,:,2,4,:,4,7
1,3,:,2,4,:,4,7
1,3,:,2,4,:,4,7
1,3,:,2,4,:,4,7
1,3,:,2,4,:,4,7
1,3,:,2,4,:,4,7
1,3,:,2,4,:,4,7
1,3,:,2,4,:,4,7
1,3,:,2,4,:,4,7
1,3,:,2,4,:,4,7
1,3,:,2,4,:,4,7
1,3,:,2,4,:,4,7
1,3,:,2,4,:,4,7
1,3,:,2,4,:,4,7
1,3,:,2,4,:,4,7
1,3,:,2,4,:,4,7
1,3,:,2,4,:,4,7
1,3,:,2,4,:,4,7
1,3,:,2,4,:,4,7
1,3,:,2,4,:,4,7
1,3,:,2,4,:,4,7
1,3,:,2,4,:,4,7
1,3,:,2,4,:,4,7
1,3,:,2,4,:,4,7
1,3,:,2,4,:,4,7
1,3,:,2,4,:,4,7
1,3,:,2,4,:,4,7
1,3,:,2,4,:,4,7
1,3,:,2,4,:,4,7
1,3,:,2,4,:,4,7
1,3,:,2,4,:,4,7
1,3,:,2,4,:,4,7
1,3,:,2,4,:,4,7
1,3,:,2,4,:,4,7
1,3,:,2,4,:,4,7
1,3,:,2,4,:,4,7
1,3,:,2,4,:,4,7
1,3,:,2,4,:,4,7
1,3,:,2,4,:,4,7
1,3,:,2,4,:,4,7
1,3,:,2,4,:,4,7
1,3,:,2,4,:,4,7
1,3,:,2,4,:,4,7
1,3,:,2,4,:,4,7
1,3,:,2,4,:,4,7
1,3,:,2,4,:,4,7
1,3,:,2,4,:,4,7
1,3,:,2,4,:,4,7
1,3,:,2,4,:,4,7
1,3,:,2,4,:,4,7
1,3,:,2,4,:,4,7
1,3,:,2,4,:,4,7
1,3,:,2,4,:,4,7
1,3,:,2,4,:,4,7
1,3,:,2,4,:,4,7
1,3,:,2,4,:,4,7
1,3,:,2,4,:,4,7
1,3,:,2,4,:,4,7
1,3,:,2,4,:,4,7
1,3,:,2,4,:,4,7
1,3,:,2,4,:,4,7
1,3,:,2,4,:,4,7
1,3,:,2,4,:,4,7
1,3,:,2,4,:,4,7
1,3,:,2,4,:,4,7
1,3,:,2,4,:,4,7
1,3,:,2,4,:,4,7
1,3,:,2,4,:,4,7
1,3,:,2,4,:,4,7
1,3,:,2,4,:,4,7
1,3,:,2,4,:,4,7
1,3,:,2,4,:,4,7
1,3,:,2,4,:,4,7
1,3,:,2,4,:,4,7
1,3,:,2,4,:,4,7
1,3,:,2,4,:,4,7
1,3,:,2,4,:,4,7
1,3,:,2,4,:,4,8
1,3,:,2,4,:,4,8
1,3,:,2,4,:,4,8
1,3,:,2,4,:,4,8
1,3,:,2,4,:,4,8
1,3,:,2,4,:,4,8
1,3,:,2,4,:,4,8
1,3,:,2,4,:,4,8
1,3,:,2,4,:,4,8
1,3,:,2,4,:,4,8
1,3,:,2,4,:,4,8
1,3,:,2,4,:,4,8
1,3,:,2,4,:,4,8
1,3,:,2,4,:,4,8
1,3,:,2,4,:,4,8
1,3,:,2,4,:,4,8
1,3,:,2,4,:,4,8
1,3,:,2,4,:,4,8
1,3,:,2,4,:,4,8
1,3,:,2,4,:,4,8
1,3,:,2,4,:,4,8
1,3,:,2,4,:,4,8
1,3,:,2,4,:,4,8
1,3,:,2,4,:,4,8
1,3,:,2,4,:,4,8
1,3,:,2,4,:,4,8
1,3,:,2,4,:,4,8
1,3,:,2,4,:,4,8
1,3,:,2,4,:,4,8
1,3,:,2,4,:,4,8
1,3,:,2,4,:,4,8
1,3,:,2,4,:,4,8
1,3,:,2,4,:,4,8
1,3,:,2,4,:,4,8
1,3,:,2,4,:,4,8
1,3,:,2,4,:,4,8
1,3,:,2,4,:,4,8
1,3,:,2,4,:,4,8
1,3,:,2,4,:,4,8
1,3,:,2,4,:,4,8
1,3,:,2,4,:,4,8
1,3,:,2,4,:,4,8
1,3,:,2,4,:,4,8
1,3,:,2,4,:,4,8
1,3,:,2,4,:,4,8
1,3,:,2,4,:,4,8
1,3,:,2,4,:,4,8
1,3,:,2,4,:,4,8
1,3,:,2,4,:,4,8
1,3,:,2,4,:,4,8
1,3,:,2,4,:,4,8
1,3,:,2,4,:,4,8
1,3,:,2,4,:,4,8
1,3,:,2,4,:,4,8
1,3,:,2,4,:,4,8
1,3,:,2,4,:,4,8
1,3,:,2,4,:,4,8
1,3,:,2,4,:,4,8
1,3,:,2,4,:,4,8
1,3,:,2,4,:,4,8
1,3,:,2,4,:,4,8
1,3,:,2,4,:,4,8
1,3,:,2,4,:,4,8
1,3,:,2,4,:,4,8
1,3,:,2,4,:,4,8
1,3,:,2,4,:,4,8
1,3,:,2,4,:,4,8
1,3,:,2,4,:,4,8
1,3,:,2,4,:,4,8
1,3,:,2,4,:,4,8
1,3,:,2,4,:,4,8
1,3,:,2,4,:,4,8
1,3,:,2,4,:,4,8
1,3,:,2,4,:,4,8
1,3,:,2,4,:,4,8
1,3,:,2,4,:,4,8
1,3,:,2,4,:,4,8
1,3,:,2,4,:,4,8
1,3,:,2,4,:,4,8
1,3,:,2,4,:,4,8
1,3,:,2,4,:,4,8
1,3,:,2,4,:,4,8
1,3,:,2,4,:,4,8
1,3,:,2,4,:,4,8
1,3,:,2,4,:,4,8
1,3,:,2,4,:,4,8
1,3,:,2,4,:,4,8
1,3,:,2,4,:,4,8
1,3,:,2,4,:,4,8
1,3,:,2,4,:,4,8
1,3,:,2,4,:,4,9
1,3,:,2,4,:,4,9
1,3,:,2,4,:,4,9
1,3,:,2,4,:,4,9
1,3,:,2,4,:,4,9
1,3,:,2,4,:,4,9
1,3,:,2,4,:,4,9
1,3,:,2,4,:,4,9
1,3,:,2,4,:,4,9
1,3,:,2,4,:,4,9
1,3,:,2,4,:,4,9
1,3,:,2,4,:,4,9
1,3,:,2,4,:,4,9
1,3,:,2,4,:,4,9
1,3,:,2,4,:,4,9
1,3,:,2,4,:,4,9
1,3,:,2,4,:,4,9
1,3,:,2,4,:,4,9
1,3,:,2,4,:,4,9
1,3,:,2,4,:,4,9
1,3,:,2,4,:,4,9
1,3,:,2,4,:,4,9
1,3,:,2,4,:,4,9
1,3,:,2,4,:,4,9
1,3,:,2,4,:,4,9
1,3,:,2,4,:,4,9
1,3,:,2,4,:,4,9
1,3,:,2,4,:,4,9
1,3,:,2,4,:,4,9
1,3,:,2,4,:,4,9
1,3,:,2,4,:,4,9
1,3,:,2,4,:,4,9
1,3,:,2,4,:,4,9
1,3,:,2,4,:,4,9
1,3,:,2,4,:,4,9
1,3,:,2,4,:,4,9
1,3,:,2,4,:,4,9
1,3,:,2,4,:,4,9
1,3,:,2,4,:,4,9
1,3,:,2,4,:,4,9
1,3,:,2,4,:,4,9
1,3,:,2,4,:,4,9
1,3,:,2,4,:,4,9
1,3,:,2,4,:,4,9
1,3,:,2,4,:,4,9
1,3,:,2,4,:,4,9
1,3,:,2,4,:,4,9
1,3,:,2,4,:,4,9
1,3,:,2,4,:,4,9
1,3,:,2,4,:,4,9
1,3,:,2,4,:,4,9
1,3,:,2,4,:,4,9
1,3,:,2,4,:,4,9
1,3,:,2,4,:,4,9
1,3,:,2,4,:,4,9
1,3,:,2,4,:,4,9
1,3,:,2,4,:,4,9
1,3,:,2,4,:,4,9
1,3,:,2,4,:,4,9
1,3,:,2,4,:,4,9
1,3,:,2,4,:,4,9
1,3,:,2,4,:,4,9
1,3,:,2,4,:,4,9
1,3,:,2,4,:,4,9
1,3,:,2,4,:,4,9
1,3,:,2,4,:,4,9
1,3,:,2,4,:,4,9
1,3,:,2,4,:,4,9
1,3,:,2,4,:,4,9
1,3,:,2,4,:,4,9
1,3,:,2,4,:,4,9
1,3,:,2,4,:,4,9
1,3,:,2,4,:,4,9
1,3,:,2,4,:,4,9
1,3,:,2,4,:,4,9
1,3,:,2,4,:,4,9
1,3,:,2,4,:,4,9
1,3,:,2,4,:,4,9
1,3,:,2,4,:,4,9
1,3,:,2,4,:,4,9
1,3,:,2,4,:,4,9
1,3,:,2,4,:,4,9
1,3,:,2,4,:,4,9
1,3,:,2,4,:,4,9
1,3,:,2,4,:,4,9
1,3,:,2,4,:,4,9
1,3,:,2,4,:,4,9
1,3,:,2,4,:,4,9
1,3,:,2,4,:,4,9
1,3,:,2,4,:,4,9
1,3,:,2,4,:,5,0
1,3,:,2,4,:,5,0
1,3,:,2,4,:,5,0
1,3,:,2,4,:,5,0
1,3,:,2,4,:,5,0
1,3,:,2,4,:,5,0
1,3,:,2,4,:,5,0
1,3,:,2,4,:,5,0
1,3,:,2,4,:,5,0
1,3,:,2,4,:,5,0
1,3,:,2,4,:,5,0
1,3,:,2,4,:,5,0
1,3,:,2,4,:,5,0
1,3,:,2,4,:,5,0
1,3,:,2,4,:,5,0
1,3,:,2,4,:,5,0
1,3,:,2,4,:,5,0
1,3,:,2,4,:,5,0
1,3,:,2,4,:,5,0
1,3,:,2,4,:,5,0
1,3,:,2,4,:,5,0
1,3,:,2,4,:,5,0
1,3,:,2,4,:,5,0
1,3,:,2,4,:,5,0
1,3,:,2,4,:,5,0
1,3,:,2,4,:,5,0
1,3,:,2,4,:,5,0
1,3,:,2,4,:,5,0
1,3,:,2,4,:,5,0
1,3,:,2,4,:,5,0
1,3,:,2,4,:,5,0
1,3,:,2,4,:,5,0
1,3,:,2,4,:,5,0
1,3,:,2,4,:,5,0
1,3,:,2,4,:,5,0
1,3,:,2,4,:,5,0
1,3,:,2,4,:,5,0
1,3,:,2,4,:,5,0
1,3,:,2,4,:,5,0
1,3,:,2,4,:,5,0
1,3,:,2,4,:,5,0
1,3,:,2,4,:,5,0
1,3,:,2,4,:,5,0
1,3,:,2,4,:,5,0
1,3,:,2,4,:,5,0
1,3,:,2,4,:,5,0
1,3,:,2,4,:,5,0
1,3,:,2,4,:,5,0
1,3,:,2,4,:,5,0
1,3,:,2,4,:,5,0
1,3,:,2,4,:,5,0
1,3,:,2,4,:,5,0
1,3,:,2,4,:,5,0
1,3,:,2,4,:,5,0
1,3,:,2,4,:,5,0
1,3,:,2,4,:,5,0
1,3,:,2,4,:,5,0
1,3,:,2,4,:,5,0
1,3,:,2,4,:,5,0
1,3,:,2,4,:,5,0
1,3,:,2,4,:,5,0
1,3,:,2,4,:,5,0
1,3,:,2,4,:,5,0
1,3,:,2,4,:,5,0
1,3,:,2,4,:,5,0
1,3,:,2,4,:,5,0
1,3,:,2,4,:,5,0
1,3,:,2,4,:,5,0
1,3,:,2,4,:,5,0
1,3,:,2,4,:,5,0
1,3,:,2,4,:,5,0
1,3,:,2,4,:,5,0
1,3,:,2,4,:,5,0
1,3,:,2,4,:,5,0
1,3,:,2,4,:,5,0
1,3,:,2,4,:,5,0
1,3,:,2,4,:,5,0
1,3,:,2,4,:,5,0
1,3,:,2,4,:,5,0
1,3,:,2,4,:,5,0
1,3,:,2,4,:,5,0
1,3,:,2,4,:,5,0
1,3,:,2,4,:,5,0
1,3,:,2,4,:,5,0
1,3,:,2,4,:,5,0
1,3,:,2,4,:,5,0
1,3,:,2,4,:,5,0
1,3,:,2,4,:,5,0
1,3,:,2,4,:,5,0
1,3,:,2,4,:,5,0
1,3,:,2,4,:,5,1
1,3,:,2,4,:,5,1
1,3,:,2,4,:,5,1
1,3,:,2,4,:,5,1
1,3,:,2,4,:,5,1
1,3,:,2,4,:,5,1
1,3,:,2,4,:,5,1
1,3,:,2,4,:,5,1
1,3,:,2,4,:,5,1
1,3,:,2,4,:,5,1
1,3,:,2,4,:,5,1
1,3,:,2,4,:,5,1
1,3,:,2,4,:,5,1
1,3,:,2,4,:,5,1
1,3,:,2,4,:,5,1
1,3,:,2,4,:,5,1
1,3,:,2,4,:,5,1
1,3,:,2,4,:,5,1
1,3,:,2,4,:,5,1
1,3,:,2,4,:,5,1
1,3,:,2,4,:,5,1
1,3,:,2,4,:,5,1
1,3,:,2,4,:,5,1
1,3,:,2,4,:,5,1
1,3,:,2,4,:,5,1
1,3,:,2,4,:,5,1
1,3,:,2,4,:,5,1
1,3,:,2,4,:,5,1
1,3,:,2,4,:,5,1
1,3,:,2,4,:,5,1
1,3,:,2,4,:,5,1
1,3,:,2,4,:,5,1
1,3,:,2,4,:,5,1
1,3,:,2,4,:,5,1
1,3,:,2,4,:,5,1
1,3,:,2,4,:,5,1
1,3,:,2,4,:,5,1
1,3,:,2,4,:,5,1
1,3,:,2,4,:,5,1
1,3,:,2,4,:,5,1
1,3,:,2,4,:,5,1
1,3,:,2,4,:,5,1
1,3,:,2,4,:,5,1
1,3,:,2,4,:,5,1
1,3,:,2,4,:,5,1
1,3,:,2,4,:,5,1
1,3,:,2,4,:,5,1
1,3,:,2,4,:,5,1
1,3,:,2,4,:,5,1
1,3,:,2,4,:,5,1
1,3,:,2,4,:,5,1
1,3,:,2,4,:,5,1
1,3,:,2,4,:,5,1
1,3,:,2,4,:,5,1
1,3,:,2,4,:,5,1
1,3,:,2,4,:,5,1
1,3,:,2,4,:,5,1
1,3,:,2,4,:,5,1
1,3,:,2,4,:,5,1
1,3,:,2,4,:,5,1
1,3,:,2,4,:,5,1
1,3,:,2,4,:,5,1
1,3,:,2,4,:,5,1
1,3,:,2,4,:,5,1
1,3,:,2,4,:,5,1
1,3,:,2,4,:,5,1
1,3,:,2,4,:,5,1
1,3,:,2,4,:,5,1
1,3,:,2,4,:,5,1
1,3,:,2,4,:,5,1
1,3,:,2,4,:,5,1
1,3,:,2,4,:,5,1
1,3,:,2,4,:,5,1
1,3,:,2,4,:,5,1
1,3,:,2,4,:,5,1
1,3,:,2,4,:,5,1
1,3,:,2,4,:,5,1
1,3,:,2,4,:,5,1
1,3,:,2,4,:,5,1
1,3,:,2,4,:,5,1
1,3,:,2,4,:,5,1
1,3,:,2,4,:,5,1
1,3,:,2,4,:,5,1
1,3,:,2,4,:,5,1
1,3,:,2,4,:,5,1
1,3,:,2,4,:,5,1
1,3,:,2,4,:,5,1
1,3,:,2,4,:,5,1
1,3,:,2,4,:,5,1
1,3,:,2,4,:,5,1
1,3,:,2,4,:,5,1
1,3,:,2,4,:,5,2
1,3,:,2,4,:,5,2
1,3,:,2,4,:,5,2
1,3,:,2,4,:,5,2
1,3,:,2,4,:,5,2
1,3,:,2,4,:,5,2
1,3,:,2,4,:,5,2
1,3,:,2,4,:,5,2
1,3,:,2,4,:,5,2
1,3,:,2,4,:,5,2
1,3,:,2,4,:,5,2
1,3,:,2,4,:,5,2
1,3,:,2,4,:,5,2
1,3,:,2,4,:,5,2
1,3,:,2,4,:,5,2
1,3,:,2,4,:,5,2
1,3,:,2,4,:,5,2
1,3,:,2,4,:,5,2
1,3,:,2,4,:,5,2
1,3,:,2,4,:,5,2
1,3,:,2,4,:,5,2
1,3,:,2,4,:,5,2
1,3,:,2,4,:,5,2
1,3,:,2,4,:,5,2
1,3,:,2,4,:,5,2
1,3,:,2,4,:,5,2
1,3,:,2,4,:,5,2
1,3,:,2,4,:,5,2
1,3,:,2,4,:,5,2
1,3,:,2,4,:,5,2
1,3,:,2,4,:,5,2
1,3,:,2,4,:,5,2
1,3,:,2,4,:,5,2
1,3,:,2,4,:,5,2
1,3,:,2,4,:,5,2
1,3,:,2,4,:,5,2
1,3,:,2,4,:,5,2
1,3,:,2,4,:,5,2
1,3,:,2,4,:,5,2
1,3,:,2,4,:,5,2
1,3,:,2,4,:,5,2
1,3,:,2,4,:,5,2
1,3,:,2,4,:,5,2
1,3,:,2,4,:,5,2
1,3,:,2,4,:,5,2
1,3,:,2,4,:,5,2
1,3,:,2,4,:,5,2
1,3,:,2,4,:,5,2
1,3,:,2,4,:,5,2
1,3,:,2,4,:,5,2
1,3,:,2,4,:,5,2
1,3,:,2,4,:,5,2
1,3,:,2,4,:,5,2
1,3,:,2,4,:,5,2
1,3,:,2,4,:,5,2
1,3,:,2,4,:,5,2
1,3,:,2,4,:,5,2
1,3,:,2,4,:,5,2
1,3,:,2,4,:,5,2
1,3,:,2,4,:,5,2
1,3,:,2,4,:,5,2
1,3,:,2,4,:,5,2
1,3,:,2,4,:,5,2
1,3,:,2,4,:,5,2
1,3,:,2,4,:,5,2
1,3,:,2,4,:,5,2
1,3,:,2,4,:,5,2
1,3,:,2,4,:,5,2
1,3,:,2,4,:,5,2
1,3,:,2,4,:,5,2
1,3,:,2,4,:,5,2
1,3,:,2,4,:,5,2
1,3,:,2,4,:,5,2
1,3,:,2,4,:,5,2
1,3,:,2,4,:,5,2
1,3,:,2,4,:,5,2
1,3,:,2,4,:,5,2
1,3,:,2,4,:,5,2
1,3,:,2,4,:,5,2
1,3,:,2,4,:,5,2
1,3,:,2,4,:,5,2
1,3,:,2,4,:,5,2
1,3,:,2,4,:,5,2
1,3,:,2,4,:,5,2
1,3,:,2,4,:,5,2
1,3,:,2,4,:,5,2
1,3,:,2,4,:,5,2
1,3,:,2,4,:,5,2
1,3,:,2,4,:,5,2
1,3,:,2,4,:,5,3
1,3,:,2,4,:,5,3
1,3,:,2,4,:,5,3
1,3,:,2,4,:,5,3
1,3,:,2,4,:,5,3
1,3,:,2,4,:,5,3
1,3,:,2,4,:,5,3
1,3,:,2,4,:,5,3
1,3,:,2,4,:,5,3
1,3,:,2,4,:,5,3
1,3,:,2,4,:,5,3
1,3,:,2,4,:,5,3
1,3,:,2,4,:,5,3
1,3,:,2,4,:,5,3
1,3,:,2,4,:,5,3
1,3,:,2,4,:,5,3
1,3,:,2,4,:,5,3
1,3,:,2,4,:,5,3
1,3,:,2,4,:,5,3
1,3,:,2,4,:,5,3
1,3,:,2,4,:,5,3
1,3,:,2,4,:,5,3
1,3,:,2,4,:,5,3
1,3,:,2,4,:,5,3
1,3,:,2,4,:,5,3
1,3,:,2,4,:,5,3
1,3,:,2,4,:,5,3
1,3,:,2,4,:,5,3
1,3,:,2,4,:,5,3
1,3,:,2,4,:,5,3
1,3,:,2,4,:,5,3
1,3,:,2,4,:,5,3
1,3,:,2,4,:,5,3
1,3,:,2,4,:,5,3
1,3,:,2,4,:,5,3
1,3,:,2,4,:,5,3
1,3,:,2,4,:,5,3
1,3,:,2,4,:,5,3
1,3,:,2,4,:,5,3
1,3,:,2,4,:,5,3
1,3,:,2,4,:,5,3
1,3,:,2,4,:,5,3
1,3,:,2,4,:,5,3
1,3,:,2,4,:,5,3
1,3,:,2,4,:,5,3
1,3,:,2,4,:,5,3
1,3,:,2,4,:,5,3
1,3,:,2,4,:,5,3
1,3,:,2,4,:,5,3
1,3,:,2,4,:,5,3
1,3,:,2,4,:,5,3
1,3,:,2,4,:,5,3
1,3,:,2,4,:,5,3
1,3,:,2,4,:,5,3
1,3,:,2,4,:,5,3
1,3,:,2,4,:,5,3
1,3,:,2,4,:,5,3
1,3,:,2,4,:,5,3
1,3,:,2,4,:,5,3
1,3,:,2,4,:,5,3
1,3,:,2,4,:,5,3
1,3,:,2,4,:,5,3
1,3,:,2,4,:,5,3
1,3,:,2,4,:,5,3
1,3,:,2,4,:,5,3
1,3,:,2,4,:,5,3
1,3,:,2,4,:,5,3
1,3,:,2,4,:,5,3
1,3,:,2,4,:,5,3
1,3,:,2,4,:,5,3
1,3,:,2,4,:,5,3
1,3,:,2,4,:,5,3
1,3,:,2,4,:,5,3
1,3,:,2,4,:,5,3
1,3,:,2,4,:,5,3
1,3,:,2,4,:,5,3
1,3,:,2,4,:,5,3
1,3,:,2,4,:,5,3
1,3,:,2,4,:,5,3
1,3,:,2,4,:,5,3
1,3,:,2,4,:,5,3
1,3,:,2,4,:,5,3
1,3,:,2,4,:,5,3
1,3,:,2,4,:,5,3
1,3,:,2,4,:,5,3
1,3,:,2,4,:,5,3
1,3,:,2,4,:,5,3
1,3,:,2,4,:,5,3
1,3,:,2,4,:,5,3
1,3,:,2,4,:,5,3
1,3,:,2,4,:,5,4
1,3,:,2,4,:,5,4
1,3,:,2,4,:,5,4
1,3,:,2,4,:,5,4
1,3,:,2,4,:,5,4
1,3,:,2,4,:,5,4
1,3,:,2,4,:,5,4
1,3,:,2,4,:,5,4
1,3,:,2,4,:,5,4
1,3,:,2,4,:,5,4
1,3,:,2,4,:,5,4
1,3,:,2,4,:,5,4
1,3,:,2,4,:,5,4
1,3,:,2,4,:,5,4
1,3,:,2,4,:,5,4
1,3,:,2,4,:,5,4
1,3,:,2,4,:,5,4
1,3,:,2,4,:,5,4
1,3,:,2,4,:,5,4
1,3,:,2,4,:,5,4
1,3,:,2,4,:,5,4
1,3,:,2,4,:,5,4
1,3,:,2,4,:,5,4
1,3,:,2,4,:,5,4
1,3,:,2,4,:,5,4
1,3,:,2,4,:,5,4
1,3,:,2,4,:,5,4
1,3,:,2,4,:,5,4
1,3,:,2,4,:,5,4
1,3,:,2,4,:,5,4
1,3,:,2,4,:,5,4
1,3,:,2,4,:,5,4
1,3,:,2,4,:,5,4
1,3,:,2,4,:,5,4
1,3,:,2,4,:,5,4
1,3,:,2,4,:,5,4
1,3,:,2,4,:,5,4
1,3,:,2,4,:,5,4
1,3,:,2,4,:,5,4
1,3,:,2,4,:,5,4
1,3,:,2,4,:,5,4
1,3,:,2,4,:,5,4
1,3,:,2,4,:,5,4
1,3,:,2,4,:,5,4
1,3,:,2,4,:,5,4
1,3,:,2,4,:,5,4
1,3,:,2,4,:,5,4
1,3,:,2,4,:,5,4
1,3,:,2,4,:,5,4
1,3,:,2,4,:,5,4
1,3,:,2,4,:,5,4
1,3,:,2,4,:,5,4
1,3,:,2,4,:,5,4
1,3,:,2,4,:,5,4
1,3,:,2,4,:,5,4
1,3,:,2,4,:,5,4
1,3,:,2,4,:,5,4
1,3,:,2,4,:,5,4
1,3,:,2,4,:,5,4
1,3,:,2,4,:,5,4
1,3,:,2,4,:,5,4
1,3,:,2,4,:,5,4
1,3,:,2,4,:,5,4
1,3,:,2,4,:,5,4
1,3,:,2,4,:,5,4
1,3,:,2,4,:,5,4
1,3,:,2,4,:,5,4
1,3,:,2,4,:,5,4
1,3,:,2,4,:,5,4
1,3,:,2,4,:,5,4
1,3,:,2,4,:,5,4
1,3,:,2,4,:,5,4
1,3,:,2,4,:,5,4
1,3,:,2,4,:,5,4
1,3,:,2,4,:,5,4
1,3,:,2,4,:,5,4
1,3,:,2,4,:,5,4
1,3,:,2,4,:,5,4
1,3,:,2,4,:,5,4
1,3,:,2,4,:,5,4
1,3,:,2,4,:,5,4
1,3,:,2,4,:,5,4
1,3,:,2,4,:,5,4
1,3,:,2,4,:,5,4
1,3,:,2,4,:,5,4
1,3,:,2,4,:,5,4
1,3,:,2,4,:,5,4
1,3,:,2,4,:,5,4
1,3,:,2,4,:,5,4
1,3,:,2,4,:,5,4
1,3,:,2,4,:,5,5
1,3,:,2,4,:,5,5
1,3,:,2,4,:,5,5
1,3,:,2,4,:,5,5
1,3,:,2,4,:,5,5
1,3,:,2,4,:,5,5
1,3,:,2,4,:,5,5
1,3,:,2,4,:,5,5
1,3,:,2,4,:,5,5
1,3,:,2,4,:,5,5
1,3,:,2,4,:,5,5
1,3,:,2,4,:,5,5
1,3,:,2,4,:,5,5
1,3,:,2,4,:,5,5
1,3,:,2,4,:,5,5
1,3,:,2,4,:,5,5
1,3,:,2,4,:,5,5
1,3,:,2,4,:,5,5
1,3,:,2,4,:,5,5
1,3,:,2,4,:,5,5
1,3,:,2,4,:,5,5
1,3,:,2,4,:,5,5
1,3,:,2,4,:,5,5
1,3,:,2,4,:,5,5
1,3,:,2,4,:,5,5
1,3,:,2,4,:,5,5
1,3,:,2,4,:,5,5
1,3,:,2,4,:,5,5
1,3,:,2,4,:,5,5
1,3,:,2,4,:,5,5
1,3,:,2,4,:,5,5
1,3,:,2,4,:,5,5
1,3,:,2,4,:,5,5
1,3,:,2,4,:,5,5
1,3,:,2,4,:,5,5
